1.0E-5,17585.97
1.0625E-5,17060.9
1.125E-5,16580.21
1.1875E-5,16137.99
1.25E-5,15729.37
1.375E-5,14997.37
1.5E-5,14358.89
1.625E-5,13795.57
1.75E-5,13293.74
1.875E-5,12842.98
2.0E-5,12435.16
2.1875E-5,11890.29
2.375E-5,11411.29
2.5625E-5,10985.87
2.75E-5,10604.74
2.9375E-5,10260.71
3.125E-5,9948.129
3.3125E-5,9662.476
3.5E-5,9400.099
3.875E-5,8933.684
4.25E-5,8530.452
4.625E-5,8177.314
5.0E-5,7864.689
5.3125E-5,7629.868
5.625E-5,7414.901
5.9375E-5,7217.135
6.25E-5,7034.394
6.875E-5,6707.031
7.5E-5,6421.493
8.125E-5,6169.573
8.75E-5,5945.148
9.375E-5,5743.559
1.0E-4,5561.179
1.0625E-4,5395.136
1.125E-4,5243.131
1.1875E-4,5103.289
1.25E-4,4974.071
1.375E-4,4742.591
1.5E-4,4540.687
1.625E-4,4362.551
1.75E-4,4203.861
1.875E-4,4061.316
2.0E-4,3932.353
2.1875E-4,3760.05
2.375E-4,3608.577
2.5625E-4,3474.048
2.75E-4,3353.525
2.9375E-4,3244.735
3.125E-4,3145.887
3.3125E-4,3055.557
3.5E-4,2972.587
3.875E-4,2825.095
4.25E-4,2697.582
4.625E-4,2585.91
5.0E-4,2487.051
5.3125E-4,2412.796
5.625E-4,2344.817
5.9375E-4,2282.278
6.25E-4,2224.491
6.875E-4,2120.971
7.5E-4,2030.678
8.125E-4,1951.014
8.75E-4,1880.047
9.375E-4,1816.3
0.001,1758.627
0.0010625,1706.121
0.001125,1658.054
0.0011875,1613.833
0.00125,1572.972
0.001375,1499.774
0.0015,1435.927
0.001625,1379.598
0.00175,1329.417
0.001875,1284.342
0.002,1243.562
0.0021875,1189.077
0.002375,1141.179
0.0025625,1098.639
0.00275,1060.528
0.0029375,1026.126
0.003125,994.8693
0.0033125,966.3051
0.0035,940.0682
0.003875,893.4281
0.00425,853.1054
0.004625,817.7921
0.005,786.5298
0.0053125,763.0478
0.005625,741.5508
0.0059375,721.7738
0.00625,703.4995
0.006875,670.7631
0.0075,642.2096
0.008125,617.0182
0.00875,594.5773
0.009375,574.4208
0.01,556.1858
0.010625,539.5849
0.01125,524.3881
0.011875,510.4074
0.0125,497.4889
0.01375,474.3455
0.015,454.157
0.01625,436.3434
0.0175,420.4735
0.01875,406.2186
0.02,393.3236
0.021325,380.9154
0.02265,369.6158
0.023975,359.2694
0.0253,349.7492
0.02684375,339.5607
0.0283875,330.2151
0.031475,313.6267
0.0345625,299.3041
0.03765,286.774
0.0407375,275.6935
0.043825,265.8055
0.0469125,256.913
0.05,248.8612
0.053125,241.4415
0.05625,234.6538
0.059375,228.4131
0.0625,222.6479
0.06875,212.3165
0.075,203.2952
0.08125,195.3297
0.0875,188.2326
0.09375,181.8589
0.1,176.0947
0.10625,170.85
0.1125,166.0537
0.11875,161.6469
0.125,157.5785
0.1375,150.2853
0.15,143.9099
0.1625,138.2812
0.175,133.2695
0.1875,128.7738
0.2,124.7135
0.21875,119.2868
0.2375,114.5075
0.25625,110.2624
0.275,106.461
0.29375,103.0314
0.3125,99.91739
0.33125,97.07816
0.35,94.48178
0.3875,89.85578
0.425,85.83873
0.5,79.23457
0.625,70.99655
0.75,64.91454
0.875,60.21891
1.0,56.44102
1.25,50.47053
1.5,46.06758
1.75,42.65762
2.0,39.90587
2.375,36.62125
2.75,34.0389
3.125,31.92916
3.5,30.16918
4.25,27.3779
5.0,25.24461
6.25,22.58353
7.5,20.61816
8.75,19.09337
10.0,17.86478
12.5,15.98341
15.0,14.59571
17.5,13.51886
20.0,12.65098
23.75,11.61621
27.5,10.8022
31.25,10.13921
35.0,9.586353
42.5,8.71014
50.0,8.040739
62.5,7.207629
75.0,6.594318
87.5,6.119398
100.0,5.737898
125.0,5.157348
150.0,4.732332
175.0,4.405129
200.0,4.14403
237.5,3.836993
275.0,3.599896
312.5,3.411137
350.0,3.257666
425.0,3.025083
500.0,6.031561
625.0,27.95125
750.0,45.99169
875.0,61.53305
1000.0,75.47279
1125.0,87.50978
1250.0,99.81144
1375.0,110.4383
1500.0,123.4132
1625.0,135.7855
1750.0,149.7893
1812.5,157.8423
1875.0,166.8687
1937.5,177.1684
2000.0,189.1347
2067.562,204.5757
2135.124,223.5268
2202.686,247.2906
2270.247,277.75
2304.028,296.1315
2337.809,317.8172
2371.59,342.0587
2405.371,370.452
2439.152,404.399
2472.933,444.678
2506.714,492.9556
2540.494,551.5193
2572.288,618.7096
2604.082,700.9463
2635.876,802.8364
2667.669,930.8253
2699.463,1093.821
2715.36,1192.398
2731.257,1305.522
2747.154,1435.775
2763.051,1586.636
2778.948,1762.479
2794.844,1968.853
2812.728,2247.462
2830.612,2588.627
2848.496,3009.945
2857.438,3251.168
2866.38,3536.378
2875.322,3840.94
2884.264,4203.226
2893.206,4600.801
2902.148,5060.942
2911.09,5573.002
2920.032,6175.583
2928.974,6872.996
2937.916,7685.227
2948.799,8867.639
2959.681,10303.53
2970.564,12068.86
2981.446,14264.72
2992.329,16976.23
3003.211,20362.73
3008.652,22340.03
3014.093,24551.64
3024.975,29603.34
3051.488,44659.99
3058.116,48203.06
3064.744,51139.93
3071.372,53161.86
3078.0,54015.97
3083.844,53694.28
3089.687,52449.27
3095.53,50454.86
3101.373,47851.78
3124.746,35250.26
3136.433,29492.62
3148.119,24635.26
3153.962,22547.95
3159.805,20682.63
3165.648,18992.91
3171.491,17476.41
3177.658,16059.31
3183.825,14793.82
3189.992,13655.52
3196.159,12638.57
3208.493,10919.76
3220.826,9516.16
3233.16,8374.356
3245.494,7424.07
3257.828,6648.878
3270.161,5971.919
3281.468,5459.474
3292.774,5005.546
3304.08,4602.391
3315.386,4260.809
3337.998,3681.764
3360.61,3229.269
3383.222,2859.319
3405.834,2560.115
3428.446,2312.189
3451.058,2102.539
3472.643,1936.806
3494.227,1792.127
3515.811,1667.482
3537.395,1554.452
3558.979,1458.842
3580.563,1373.726
3602.147,1295.486
3623.731,1228.406
3666.9,1111.176
3710.068,1017.17
3753.236,938.238
3796.404,871.4393
3827.239,830.518
3858.073,793.9585
3919.742,731.4079
3950.577,704.7238
3981.411,680.5139
4012.246,658.5094
4043.08,638.2643
4067.748,623.8626
4080.082,617.172
4092.415,610.8856
4104.749,605.2152
4110.916,602.6588
4117.083,600.346
4123.25,598.3642
4129.417,596.7639
4135.584,595.8113
4138.667,595.649
4141.75,595.7636
4145.862,596.4756
4148.817,597.4881
4151.772,599.0558
4154.727,601.4198
4157.682,604.8469
4160.637,609.7495
4162.115,612.9481
4163.592,616.7859
4165.07,621.412
4166.547,627.0028
4168.025,633.8164
4169.502,642.2045
4170.851,651.6723
4172.2,663.4022
4173.549,678.1185
4174.898,696.8682
4175.573,708.2253
4176.247,721.2155
4176.922,736.2106
4177.596,753.5919
4178.271,773.967
4178.945,798.011
4179.62,826.794
4180.294,861.6122
4181.001,906.8288
4181.708,964.3389
4182.062,999.3512
4182.415,1039.622
4182.768,1086.518
4183.121,1141.72
4183.475,1207.665
4183.828,1286.949
4184.181,1383.663
4184.534,1502.941
4184.888,1651.881
4185.241,1838.056
4185.594,2072.204
4185.771,2211.479
4185.947,2366.713
4186.124,2541.514
4186.301,2736.992
4186.478,2955.144
4186.654,3196.56
4187.007,3762.313
4187.36,4449.125
4187.714,5271.362
4188.067,6230.825
4188.42,7328.131
4188.773,8551.406
4189.609,11785.33
4190.444,14964.66
4190.805,16114.08
4191.165,17025.6
4191.526,17646.68
4191.886,17933.31
4192.0,17951.09
4192.328,17804.61
4192.655,17375.11
4192.983,16683.65
4193.31,15771.25
4193.704,14442.58
4194.098,12949.91
4194.886,9834.982
4195.231,8542.462
4195.576,7347.461
4195.921,6272.389
4196.266,5328.539
4196.611,4517.718
4196.956,3834.368
4197.301,3267.837
4197.645,2805.708
4197.941,2478.985
4198.237,2208.06
4198.533,1984.183
4198.828,1799.993
4199.124,1647.297
4199.419,1521.209
4199.715,1415.893
4200.01,1327.983
4200.306,1253.556
4200.601,1190.463
4200.897,1136.155
4201.192,1089.328
4201.783,1012.433
4202.374,952.1897
4202.966,903.7205
4203.557,864.0568
4204.148,830.9991
4204.739,803.0752
4205.33,779.2225
4205.921,758.6537
4206.512,740.7707
4207.103,725.1106
4208.286,699.0557
4209.468,678.3933
4210.65,661.6708
4211.832,647.8983
4213.015,636.3719
4214.197,626.6183
4215.379,618.271
4216.561,611.0619
4217.744,604.7775
4218.926,599.2645
4221.29,590.0434
4223.655,582.6359
4226.019,576.5625
4228.384,571.4851
4230.748,567.1409
4233.901,562.1981
4237.054,558.01
4240.207,554.3901
4243.359,551.2047
4246.512,548.3572
4249.665,545.793
4255.97,541.2448
4262.276,537.253
4268.581,533.6717
4274.886,530.3887
4281.191,527.3398
4291.044,522.9185
4300.896,518.779
4310.748,514.8524
4320.6,511.0975
4340.304,504.0253
4360.008,497.4352
4379.713,491.1146
4399.417,485.1038
4438.825,473.7928
4478.234,463.3514
4517.642,453.5172
4596.458,435.463
4697.344,415.2464
4798.229,397.2081
4899.115,380.8349
5000.0,365.8619
5121.0,349.6356
5242.0,334.6406
5363.0,319.9258
5484.0,305.9933
5605.0,291.7262
5726.0,277.8213
5968.0,249.2649
6125.3,230.2019
6282.6,210.2515
6361.25,199.8517
6439.9,189.2073
6597.2,166.9859
6754.5,143.6379
6833.15,131.6422
6911.8,119.6227
6990.45,107.743
7069.1,96.27668
7147.75,85.45958
7226.4,76.30048
7262.7,73.03129
7299.0,70.49342
7335.3,68.79644
7371.6,68.12459
7395.8,68.59888
7420.0,69.87839
7453.275,73.27496
7469.913,75.65549
7486.55,78.78811
7519.825,87.08419
7536.463,92.54915
7553.1,99.10535
7569.738,106.5803
7586.375,115.3743
7603.013,125.8832
7619.65,137.7761
7636.288,151.4401
7652.925,167.7821
7669.563,186.3085
7686.2,207.3137
7707.375,239.5077
7728.55,278.4603
7749.725,325.4796
7760.313,351.2758
7770.9,380.7514
7792.075,449.4675
7813.25,533.637
7834.425,637.242
7845.013,698.0609
7855.6,766.1167
7872.238,890.7482
7888.875,1040.623
7905.513,1223.367
7922.15,1449.439
7930.469,1581.545
7938.788,1729.947
7947.107,1898.541
7955.425,2087.46
7963.744,2301.549
7972.063,2549.065
7980.382,2831.711
7988.7,3155.925
7997.775,3574.731
8006.85,4063.979
8015.925,4662.481
8025.0,5392.459
8034.075,6295.2
8043.15,7428.373
8047.688,8106.277
8052.225,8875.485
8056.763,9752.519
8061.3,10756.73
8064.994,11685.11
8068.688,12728.6
8072.382,13904.61
8076.075,15233.17
8079.769,16735.59
8083.463,18436.37
8087.157,20358.31
8090.85,22521.16
8094.544,24938.4
8098.238,27598.16
8101.932,30490.69
8105.625,33543.74
8113.013,39584.26
8116.707,42088.97
8120.4,43828.01
8124.2,44522.9
8128.0,43917.52
8130.626,42732.19
8133.252,40984.35
8138.504,36232.12
8149.008,25170.96
8154.26,20295.55
8156.886,18160.93
8159.512,16235.36
8162.138,14511.79
8164.764,12978.12
8167.39,11619.68
8170.016,10420.64
8172.678,9351.609
8175.34,8414.403
8178.002,7594.518
8180.664,6878.847
8183.326,6255.72
8185.988,5714.851
8188.65,5247.249
8191.312,4845.098
8193.974,4501.644
8196.636,4211.066
8199.298,3968.378
8201.96,3769.315
8204.622,3610.259
8207.284,3488.157
8212.607,3345.003
8216.479,3318.44
8221.803,3380.263
8227.127,3550.297
8232.451,3826.005
8237.774,4208.21
8243.098,4701.053
8248.422,5311.326
8253.746,6048.579
8259.069,6924.744
8262.893,7647.994
8266.716,8456.218
8270.539,9356.071
8274.362,10354.36
8278.185,11459.45
8282.008,12685.9
8289.654,15490.21
8297.3,18775.86
8304.946,22537.2
8320.238,30976.59
8325.929,34091.44
8331.619,36937.48
8337.31,39346.33
8343.0,41160.3
8350.588,42470.05
8358.175,42477.8
8363.359,41803.36
8368.543,40686.82
8378.91,37463.2
8389.278,33778.42
8399.645,30026.45
8410.013,26537.53
8420.38,23458.45
8430.747,20799.77
8441.114,18528.89
8448.909,17047.67
8456.703,15755.43
8464.498,14587.41
8472.292,13556.7
8480.087,12623.13
8487.881,11799.17
8503.47,10385.43
8519.059,9238.757
8534.648,8292.984
8550.237,7500.986
8565.825,6833.119
8579.076,6345.127
8592.326,5916.696
8605.577,5538.174
8618.827,5201.885
8632.078,4905.616
8645.328,4639.697
8658.579,4393.156
8671.829,4173.647
8698.33,3789.312
8724.831,3467.97
8751.332,3196.06
8777.833,2963.502
8804.335,2762.641
8830.836,2587.592
8857.337,2433.764
8883.838,2297.469
8910.339,2177.686
8936.84,2070.508
8963.341,1970.871
8989.842,1882.356
9042.844,1727.113
9095.846,1596.965
9148.848,1486.398
9201.85,1391.454
9251.735,1313.588
9301.619,1244.785
9351.504,1183.577
9401.388,1128.885
9501.157,1035.336
9600.925,958.9218
9650.81,926.1911
9700.694,896.903
9750.579,870.9384
9800.463,848.3688
9850.348,829.4487
9900.232,814.6556
9950.116,804.7958
10000.0,801.1315
10031.9,802.9872
10063.8,809.0797
10095.69,820.5056
10127.59,838.8807
10159.48,866.519
10191.38,906.6771
10207.33,932.9661
10223.27,964.7376
10239.22,1003.031
10255.16,1049.281
10271.11,1105.476
10287.05,1174.092
10302.01,1252.857
10316.96,1349.419
10331.91,1469.077
10346.86,1618.942
10354.34,1705.563
10361.81,1805.804
10369.29,1919.993
10376.76,2050.107
10384.24,2199.52
10391.71,2371.569
10399.19,2571.432
10406.66,2804.508
10415.14,3119.384
10423.61,3501.38
10432.08,3970.669
10440.55,4554.638
10449.02,5291.239
10453.26,5728.954
10457.49,6222.907
10461.73,6793.488
10465.96,7448.294
10470.2,8204.974
10474.43,9079.375
10479.85,10412.97
10485.26,12041.99
10490.67,14048.86
10496.08,16533.43
10501.5,19619.36
10506.91,23416.42
10512.32,28017.26
10517.73,33407.56
10528.87,45270.35
10531.66,47727.89
10534.44,49650.81
10537.22,50896.91
10540.0,51361.1
10542.61,51049.89
10545.21,50047.16
10547.81,48431.64
10550.41,46320.36
10555.62,41149.12
10560.82,35555.65
10566.03,30228.28
10571.23,25558.14
10576.43,21626.22
10581.63,18386.72
10585.33,16453.89
10589.03,14789.04
10592.73,13340.6
10596.42,12078.38
10600.12,10974.49
10603.82,10010.28
10607.52,9165.084
10611.21,8423.309
10614.91,7766.374
10618.61,7184.027
10626.0,6204.513
10633.39,5418.188
10640.78,4778.638
10646.7,4349.213
10652.61,3979.714
10658.53,3658.602
10664.44,3378.763
10670.36,3132.768
10676.27,2918.037
10688.1,2555.622
10699.93,2263.138
10711.76,2025.291
10723.59,1829.127
10735.42,1665.295
10747.25,1526.916
10759.08,1408.843
10770.91,1307.163
10782.74,1218.861
10794.57,1141.583
10806.4,1073.853
10830.06,959.7704
10853.72,867.4929
10877.38,791.6535
10901.04,728.1839
10924.7,674.2066
10963.15,601.9207
11001.6,543.1837
11040.05,493.692
11078.49,452.1274
11116.94,415.6452
11155.38,383.3009
11193.83,354.4071
11232.27,328.6108
11303.25,288.7886
11374.23,257.0519
11409.72,245.3638
11445.21,236.5158
11480.7,230.7676
11516.18,228.7194
11547.24,231.808
11578.29,239.9054
11609.34,254.1232
11640.39,276.9392
11655.92,291.8353
11671.45,310.4332
11686.98,331.8893
11702.5,357.3477
11718.03,388.4352
11733.55,423.8978
11749.08,465.9998
11764.6,515.0777
11780.87,577.0195
11797.14,650.6999
11813.41,738.774
11829.67,844.5159
11845.94,971.6256
11862.2,1125.814
11878.47,1313.814
11894.73,1544.094
11909.52,1801.522
11924.31,2116.765
11939.1,2505.55
11953.88,2990.797
11961.28,3280.742
11968.67,3605.831
11976.07,3973.298
11983.46,4393.109
11990.86,4867.964
11998.25,5410.772
12005.64,6024.357
12013.03,6741.959
12021.17,7665.238
12029.3,8754.363
12037.43,10046.98
12045.56,11588.12
12053.7,13435.05
12061.83,15648.4
12069.96,18304.34
12078.09,21481.34
12086.63,25462.95
12095.17,30126.58
12103.71,35418.94
12112.25,41097.91
12120.79,46768.74
12129.33,52090.16
12133.6,54479.65
12137.87,56762.84
12142.14,59150.53
12144.27,60502.19
12146.4,62052.08
12148.6,63947.67
12150.8,66226.01
12153.0,68921.36
12155.2,71949.6
12157.4,75040.3
12159.6,77714.19
12161.8,79363.28
12164.0,79449.79
12165.52,78456.99
12167.03,76652.56
12168.54,74160.62
12170.05,71167.03
12176.1,57907.15
12179.13,52148.68
12180.64,49637.21
12182.15,47351.56
12185.18,43361.08
12188.2,40025.47
12190.86,37495.2
12193.52,35263.56
12196.18,33270.92
12198.83,31476.85
12204.14,28328.53
12209.45,25649.75
12214.76,23338.19
12220.07,21322.46
12225.38,19552.65
12230.69,17998.83
12237.2,16328.32
12243.7,14865.15
12250.21,13582.93
12256.71,12458.87
12263.22,11466.3
12269.72,10588.04
12276.22,9806.178
12282.72,9108.1
12295.73,7919.406
12308.74,6951.503
12321.75,6167.692
12334.75,5499.357
12352.1,4773.645
12369.44,4190.914
12386.79,3717.436
12404.13,3330.413
12421.48,3012.761
12438.82,2753.003
12456.16,2542.641
12473.5,2376.122
12490.85,2250.087
12508.19,2163.398
12525.54,2116.62
12542.88,2112.546
12559.14,2152.066
12575.4,2240.384
12591.66,2387.138
12607.92,2605.507
12616.05,2741.109
12624.18,2906.864
12632.31,3101.877
12640.44,3329.883
12648.57,3595.783
12656.7,3905.35
12664.83,4265.462
12672.96,4684.248
12685.19,5446.654
12697.41,6403.102
12709.64,7607.448
12715.75,8320.795
12721.86,9121.416
12727.98,10020.03
12734.09,11024.03
12740.2,12147.07
12746.31,13399.94
12758.53,16335.76
12770.75,19865.19
12785.57,24882.07
12800.38,30289.0
12807.79,32880.87
12815.19,35195.3
12822.6,37096.99
12830.0,38449.77
12839.88,39260.25
12848.25,39048.02
12856.61,38108.64
12864.98,36600.1
12873.34,34681.44
12890.07,30402.91
12906.79,26185.84
12915.16,24263.6
12923.52,22473.78
12931.88,20847.32
12940.24,19371.56
12948.61,18027.37
12956.97,16825.01
12965.33,15737.03
12973.69,14751.78
12982.59,13813.81
12991.48,12968.58
13000.38,12203.68
13009.27,11517.5
13027.06,10327.45
13044.85,9343.869
13062.64,8517.739
13080.43,7820.356
13098.22,7225.051
13116.0,6713.385
13135.41,6236.802
13154.82,5819.78
13174.23,5451.275
13193.63,5128.252
13213.04,4847.209
13232.44,4596.062
13251.85,4368.644
13271.25,4164.312
13310.07,3815.916
13348.88,3523.195
13387.69,3282.591
13426.5,3068.701
13471.79,2860.499
13517.07,2682.477
13562.35,2527.782
13607.63,2392.148
13652.91,2272.277
13698.19,2165.565
13743.47,2069.956
13788.75,1984.058
13834.04,1906.762
13879.32,1839.435
13969.88,1713.923
14060.44,1607.205
14151.0,1515.609
14254.5,1426.267
14358.0,1349.651
14461.5,1283.858
14565.0,1227.735
14694.38,1171.203
14823.75,1129.01
14953.13,1103.171
15082.5,1098.194
15211.88,1127.246
15276.57,1155.446
15341.25,1197.703
15405.94,1261.114
15470.63,1348.824
15535.32,1467.914
15600.0,1629.935
15645.29,1780.751
15690.57,1971.221
15735.85,2211.503
15758.49,2345.365
15781.13,2504.625
15826.41,2892.195
15849.05,3127.308
15871.69,3395.559
15894.33,3702.34
15916.97,4054.377
15939.61,4460.334
15962.25,4931.846
15997.08,5823.346
16014.5,6346.866
16031.91,6955.032
16049.33,7642.846
16066.74,8411.486
16084.16,9313.462
16101.57,10343.51
16118.99,11501.66
16136.4,12867.95
16153.82,14442.74
16171.23,16214.25
16188.65,18304.11
16206.06,20704.4
16223.47,23370.16
16240.88,26434.11
16258.27,29858.23
16275.66,33665.69
16310.44,41486.08
16327.83,45252.07
16345.22,48532.74
16362.61,51016.11
16380.0,52420.75
16399.88,52536.21
16416.94,51410.07
16434.0,49351.82
16468.11,43529.05
16502.22,36987.83
16536.33,30932.62
16570.45,25843.9
16587.51,23665.31
16604.56,21733.02
16621.62,19961.86
16638.67,18424.85
16672.78,15783.44
16691.18,14606.19
16709.57,13546.61
16727.96,12589.34
16746.35,11750.01
16783.14,10299.94
16819.92,9125.342
16856.71,8142.435
16893.49,7323.992
16930.27,6628.87
16967.05,6027.605
17007.19,5464.646
17047.32,4970.28
17072.41,4692.328
17097.49,4433.74
17122.57,4191.841
17147.65,3964.676
17160.19,3855.199
17172.73,3750.0
17185.27,3648.208
17197.81,3549.976
17210.35,3455.673
17222.89,3365.936
17235.43,3281.807
17247.97,3204.933
17259.68,3141.978
17271.38,3090.693
17283.08,3054.939
17294.78,3044.701
17302.73,3057.914
17310.67,3094.008
17318.62,3161.567
17326.56,3272.766
17334.51,3446.247
17338.48,3564.281
17342.45,3708.739
17346.42,3884.431
17350.39,4098.953
17354.36,4363.606
17358.33,4690.7
17362.93,5167.332
17367.53,5778.739
17372.13,6567.263
17376.72,7587.239
17379.02,8208.61
17381.32,8918.324
17383.62,9729.183
17385.91,10650.99
17388.21,11706.86
17390.51,12908.58
17392.81,14271.25
17395.1,15800.98
17398.22,18177.83
17401.33,20879.8
17407.55,27037.62
17410.67,30218.18
17413.78,33147.29
17416.89,35564.18
17420.0,37225.89
17423.12,37979.38
17425.48,37920.32
17427.84,37358.51
17432.56,35041.55
17442.0,28313.37
17446.72,25017.92
17451.44,22106.36
17456.16,19627.41
17460.88,17551.68
17463.88,16416.34
17466.87,15408.6
17469.87,14506.91
17472.86,13703.89
17475.86,12982.42
17478.85,12337.4
17484.83,11234.39
17490.82,10323.57
17496.8,9563.486
17502.79,8922.663
17508.77,8378.795
17514.36,7940.233
17519.95,7556.881
17525.54,7219.326
17531.12,6920.578
17536.71,6653.576
17542.3,6414.017
17553.47,6002.565
17564.65,5664.843
17575.82,5376.485
17587.0,5129.451
17598.17,4915.909
17609.35,4728.884
17620.53,4563.561
17631.71,4416.083
17642.88,4283.578
17654.06,4163.478
17665.23,4054.143
17687.58,3861.665
17709.93,3699.229
17732.28,3554.983
17754.63,3427.889
17776.98,3314.753
17804.12,3192.31
17831.26,3083.047
17858.4,2984.485
17885.54,2894.754
17912.68,2813.245
17939.82,2737.992
17994.1,2600.659
18048.38,2479.894
18102.66,2371.946
18156.94,2274.121
18211.22,2184.394
18287.85,2068.771
18364.48,1961.525
18441.11,1861.046
18517.74,1763.603
18559.25,1711.264
18600.76,1658.352
18642.27,1604.254
18683.78,1548.558
18725.29,1489.593
18746.05,1458.504
18766.8,1425.992
18787.56,1391.799
18808.31,1355.717
18829.06,1317.595
18849.81,1276.4
18864.18,1245.916
18878.55,1213.613
18892.92,1179.279
18907.29,1142.713
18921.66,1103.754
18936.03,1062.378
18943.22,1040.873
18950.4,1018.851
18957.58,996.4589
18964.76,973.9263
18970.35,956.4969
18975.94,939.4183
18981.53,923.0222
18987.12,907.7763
18992.71,894.3454
18998.3,883.6769
19003.89,877.1319
19009.47,876.6116
19014.26,882.8933
19019.05,898.1858
19023.84,926.6724
19028.63,973.9832
19033.42,1048.484
19035.82,1099.864
19038.21,1163.159
19040.61,1241.681
19043.0,1338.286
19045.39,1457.82
19047.78,1606.355
19049.98,1775.671
19052.17,1983.701
19054.37,2243.17
19056.56,2565.924
19058.76,2974.079
19060.95,3489.81
19062.05,3800.704
19063.15,4153.475
19064.25,4554.712
19065.34,5007.69
19066.4,5509.407
19067.46,6080.86
19068.52,6732.708
19069.58,7477.044
19070.64,8327.35
19071.7,9298.388
19072.76,10405.85
19073.81,11653.1
19074.87,13079.17
19075.93,14686.35
19076.99,16484.31
19078.05,18476.74
19080.17,23014.85
19082.28,28092.29
19084.21,32885.76
19086.14,37348.72
19088.07,40952.01
19090.0,43226.77
19091.29,43858.57
19092.41,43807.44
19093.52,43231.02
19095.74,40736.64
19097.97,36978.82
19100.19,32694.66
19102.42,28424.93
19104.64,24564.39
19105.76,22818.8
19106.87,21231.04
19107.98,19782.83
19109.09,18467.87
19110.3,17175.8
19111.51,16018.34
19112.72,14981.8
19113.93,14052.89
19115.14,13219.22
19116.35,12469.53
19118.76,11187.9
19121.18,10131.02
19123.59,9257.498
19126.01,8521.926
19128.42,7901.369
19130.84,7368.092
19133.26,6907.44
19135.68,6506.161
19138.09,6155.541
19140.51,5844.794
19142.93,5569.072
19145.35,5323.112
19147.76,5103.45
19152.6,4724.866
19157.43,4413.059
19162.26,4151.924
19167.09,3930.813
19171.71,3749.445
19176.32,3591.371
19180.93,3451.683
19185.54,3327.761
19190.16,3217.078
19194.77,3118.077
19203.99,2947.983
19213.22,2806.996
19222.44,2688.453
19231.67,2587.141
19240.89,2499.676
19249.68,2426.688
19258.47,2362.672
19267.26,2304.775
19276.04,2252.692
19284.83,2205.229
19293.61,2162.245
19311.18,2086.461
19328.75,2021.86
19346.32,1965.842
19363.89,1916.548
19381.46,1872.865
19409.58,1811.767
19437.7,1758.95
19465.82,1712.593
19493.93,1671.269
19522.05,1633.901
19550.16,1599.832
19606.39,1539.019
19662.62,1485.468
19718.85,1437.196
19775.08,1392.797
19831.31,1351.286
19915.66,1293.386
20000.0,1237.652
20087.06,1182.445
20174.11,1127.951
20261.17,1073.075
20348.22,1016.788
20391.75,987.9367
20435.28,957.9353
20478.81,927.2068
20522.33,895.1783
20565.86,862.0275
20609.39,826.9866
20652.92,789.9892
20696.44,750.6763
20732.72,715.8487
20768.99,678.9344
20805.26,639.7199
20841.53,598.0611
20859.67,576.4808
20877.81,554.1335
20895.95,531.2269
20914.08,507.8582
20932.22,484.1411
20950.35,460.3265
20968.49,436.7411
20986.62,413.9578
21005.97,391.4771
21025.31,372.4798
21044.66,359.2283
21054.33,355.9376
21064.0,356.0554
21074.28,360.8205
21084.56,371.8736
21094.84,391.2764
21105.11,421.8023
21115.39,467.2768
21120.53,496.8306
21125.67,532.0745
21130.81,574.5454
21135.95,625.3525
21141.09,685.834
21146.22,757.6171
21152.87,871.2775
21159.52,1013.859
21166.17,1193.291
21169.5,1300.156
21172.82,1420.09
21176.15,1555.703
21179.47,1708.371
21182.8,1881.576
21186.12,2077.268
21189.45,2300.146
21192.77,2552.991
21196.09,2841.274
21199.41,3170.714
21203.95,3700.271
21208.48,4338.849
21213.02,5114.349
21217.55,6053.852
21222.09,7202.893
21226.62,8608.125
21231.16,10331.69
21235.69,12424.25
21239.98,14793.61
21244.27,17556.9
21248.56,20688.71
21252.85,24094.36
21257.14,27581.99
21261.43,30860.61
21265.72,33580.07
21270.0,35411.05
21274.0,36142.84
21277.29,36012.56
21280.57,35283.23
21283.86,34056.25
21287.14,32472.34
21293.71,28755.1
21300.27,24968.85
21303.56,23187.66
21306.84,21529.52
21310.12,20000.25
21313.4,18601.83
21316.69,17326.52
21319.97,16174.4
21323.25,15131.96
21326.53,14189.19
21329.9,13313.99
21333.27,12523.49
21340.01,11160.28
21346.75,10035.95
21353.49,9100.338
21360.23,8314.616
21366.97,7648.814
21373.71,7080.179
21380.45,6593.024
21387.2,6169.627
21393.94,5796.906
21400.68,5468.484
21407.42,5177.877
21414.17,4918.814
21420.91,4687.363
21434.39,4291.466
21447.88,3965.764
21461.36,3694.194
21474.84,3464.563
21488.32,3268.123
21501.19,3107.37
21514.06,2965.154
21526.93,2839.231
21539.8,2725.893
21552.67,2625.471
21565.54,2535.025
21578.41,2452.424
21591.28,2378.036
21617.02,2247.097
21642.76,2136.594
21668.5,2041.443
21694.23,1958.918
21738.36,1840.007
21782.48,1742.288
21826.6,1659.32
21848.66,1622.882
21870.72,1589.047
21881.45,1573.446
21886.82,1565.865
21892.18,1558.432
21897.55,1551.142
21900.23,1547.571
21902.91,1544.056
21905.59,1540.609
21906.93,1538.923
21908.27,1537.272
21909.61,1535.678
21910.28,1534.915
21910.95,1534.184
21911.62,1533.499
21912.29,1532.877
21912.96,1532.344
21913.63,1531.932
21914.09,1531.743
21914.55,1531.651
21915.01,1531.678
21915.47,1531.851
21915.93,1532.198
21916.39,1532.754
21916.85,1533.559
21917.3,1534.627
21917.69,1535.812
21918.07,1537.229
21918.46,1538.98
21918.84,1541.008
21919.23,1543.448
21919.61,1546.205
21919.99,1549.363
21920.37,1552.944
21920.76,1557.079
21921.14,1561.571
21921.9,1571.951
21922.67,1584.319
21923.43,1598.166
21925.04,1631.034
21926.65,1663.541
21927.49,1677.732
21928.33,1688.544
21929.18,1695.096
21929.95,1696.688
21930.0,1696.642
21930.19,1696.301
21930.38,1695.697
21930.76,1693.703
21931.63,1685.363
21932.22,1676.987
21932.81,1666.753
21933.99,1642.191
21935.17,1614.866
21936.35,1587.819
21936.94,1575.17
21937.53,1563.394
21938.12,1552.631
21938.71,1542.958
21939.3,1534.398
21939.89,1526.93
21940.29,1522.458
21940.68,1518.531
21941.08,1514.92
21941.47,1511.776
21941.87,1508.902
21942.26,1506.412
21942.65,1504.199
21943.04,1502.233
21943.4,1500.611
21943.75,1499.193
21944.11,1497.878
21944.46,1496.721
21944.82,1495.641
21945.17,1494.683
21945.53,1493.78
21945.88,1492.969
21946.24,1492.197
21946.59,1491.495
21946.95,1490.817
21947.3,1490.194
21948.01,1489.016
21948.71,1487.941
21949.42,1486.911
21950.13,1485.927
21951.54,1484.058
21952.96,1482.248
21954.37,1480.495
21957.21,1477.048
21960.04,1473.691
21962.87,1470.39
21965.7,1467.134
21972.71,1459.228
21979.71,1451.508
21986.72,1443.934
21993.72,1436.546
22007.73,1422.088
22021.73,1408.134
22049.74,1381.499
22077.75,1356.715
22133.78,1311.65
22189.8,1269.697
22245.83,1231.697
22301.85,1197.556
22413.89,1135.299
22534.76,1077.544
22655.62,1026.894
22776.48,979.9188
22897.34,936.827
23040.87,890.8013
23112.63,869.1927
23130.57,863.9751
23148.51,858.8152
23157.48,856.2658
23166.45,853.739
23175.42,851.2416
23179.91,850.0097
23184.39,848.7979
23187.07,848.0868
23189.74,847.3922
23192.42,846.7165
23195.09,846.0791
23196.43,845.7809
23197.77,845.5094
23198.44,845.389
23199.11,845.2837
23199.78,845.1997
23200.44,845.1464
23201.11,845.133
23201.78,845.1795
23202.45,845.3088
23202.79,845.4157
23203.12,845.5536
23203.46,845.7361
23203.79,845.9588
23204.13,846.2436
23204.46,846.5819
23204.8,847.0049
23205.13,847.4976
23205.46,848.083
23205.79,848.7742
23206.25,849.9404
23206.7,851.3463
23207.15,853.0562
23207.6,855.1156
23208.06,857.6326
23208.51,860.5483
23208.96,863.9609
23209.41,867.9188
23209.87,872.5732
23210.32,877.7611
23210.77,883.606
23211.22,890.1257
23211.68,897.4925
23212.13,905.375
23213.03,923.0016
23216.34,998.007
23217.21,1015.346
23218.07,1029.086
23218.94,1038.444
23219.56,1041.874
23220.0,1042.563
23220.57,1041.269
23221.29,1036.182
23221.88,1029.331
23222.47,1020.333
23223.4,1002.608
23224.32,982.1356
23226.3,935.3857
23227.29,913.8292
23227.78,904.1088
23228.27,895.125
23228.83,885.8154
23229.39,877.5505
23229.95,870.3177
23230.51,864.0723
23231.07,858.7478
23231.63,854.2616
23231.91,852.3054
23232.19,850.5237
23232.47,848.9062
23232.75,847.4398
23233.03,846.1129
23233.31,844.9159
23233.59,843.8361
23233.87,842.8644
23234.15,841.9905
23234.43,841.2059
23234.71,840.501
23234.99,839.8683
23235.27,839.2995
23235.55,838.7887
23235.83,838.3294
23236.11,837.9153
23236.67,837.2036
23237.22,836.6276
23237.62,836.2681
23238.02,835.95
23238.42,835.6653
23238.81,835.415
23239.6,834.9688
23240.39,834.5829
23241.18,834.2376
23241.97,833.92
23243.55,833.3368
23245.13,832.7966
23246.71,832.2827
23249.87,831.3028
23253.17,830.3229
23256.46,829.3744
23259.76,828.4418
23263.05,827.5261
23269.64,825.7212
23276.22,823.9449
23289.39,820.4474
23302.56,817.0024
23328.9,810.2479
23355.24,803.626
23450.08,781.071
23544.92,760.3938
23639.76,742.442
23687.18,734.7103
23710.89,731.4372
23722.74,729.9167
23734.59,728.6568
23737.16,728.4562
23739.73,728.3114
23741.02,728.28
23741.66,728.2824
23742.3,728.3022
23742.95,728.3458
23743.59,728.4194
23744.23,728.5329
23744.87,728.6985
23745.2,728.8088
23745.52,728.9348
23745.84,729.082
23746.16,729.2526
23746.48,729.4495
23746.8,729.6752
23747.12,729.933
23747.44,730.2256
23747.77,730.5671
23748.09,730.9402
23748.41,731.3577
23748.73,731.8228
23749.05,732.3383
23749.37,732.9069
23750.01,734.2135
23750.66,735.7838
23751.3,737.5765
23751.94,739.6097
23752.58,741.8657
23753.23,744.351
23753.87,746.939
23755.15,752.2585
23756.47,757.3247
23757.13,759.4352
23757.78,761.1041
23758.34,762.1509
23758.9,762.7907
23759.43,762.9948
23759.74,762.9277
23759.94,762.8107
23759.98,762.7804
23760.0,762.7644
23760.05,762.7219
23760.09,762.6853
23760.18,762.5946
23760.39,762.3383
23760.48,762.2096
23760.71,761.8295
23760.93,761.399
23761.39,760.296
23761.84,758.97
23762.97,754.7475
23764.1,749.6695
23766.73,737.5641
23767.39,734.9465
23768.05,732.6037
23768.71,730.5553
23769.36,728.8288
23770.02,727.3602
23770.35,726.7272
23770.68,726.1575
23771.01,725.6473
23771.34,725.1927
23771.67,724.7898
23771.99,724.4445
23772.32,724.1313
23772.65,723.8576
23772.98,723.6196
23773.3,723.4194
23773.63,723.241
23773.96,723.0878
23774.29,722.9569
23774.61,722.8484
23775.16,722.6978
23775.7,722.5856
23776.25,722.4988
23776.79,722.4341
23777.34,722.3835
23777.88,722.3445
23778.96,722.2863
23780.05,722.2414
23781.13,722.2012
23783.3,722.1198
23789.1,721.8705
23794.9,721.6061
23806.49,721.1402
23829.68,720.6707
23851.42,721.0888
23873.16,722.6773
23894.9,725.8674
23916.64,731.2822
23927.51,734.8975
23938.38,739.6289
23949.25,745.553
23960.12,752.9441
23970.99,762.1894
23981.86,773.8126
23992.73,788.5411
24003.59,807.3799
24012.29,826.2771
24020.98,849.5347
24029.68,879.2257
24038.37,917.2757
24042.72,940.4234
24047.07,967.0107
24051.42,997.7302
24055.76,1033.374
24060.11,1075.223
24064.45,1124.484
24068.8,1183.131
24073.14,1253.302
24077.13,1331.191
24081.12,1425.836
24085.11,1542.228
24089.09,1686.903
24093.08,1870.634
24095.07,1981.129
24097.06,2107.313
24099.06,2253.013
24101.05,2420.599
24103.04,2615.591
24105.03,2844.236
24107.21,3143.081
24109.38,3504.685
24111.55,3949.53
24113.72,4503.805
24115.9,5206.823
24116.99,5627.942
24118.07,6100.476
24119.16,6641.582
24120.24,7250.549
24121.33,7948.733
24122.41,8733.674
24124.34,10398.48
24126.26,12425.2
24128.18,14832.41
24130.1,17567.5
24133.94,23344.48
24135.86,25816.31
24137.78,27559.85
24138.89,28123.06
24140.0,28316.87
24141.75,27853.03
24143.5,26515.97
24145.25,24485.75
24146.99,22025.84
24150.48,16761.8
24152.23,14338.56
24153.97,12213.69
24155.87,10251.21
24157.77,8646.29
24159.67,7353.668
24161.56,6323.516
24163.46,5492.919
24165.36,4823.35
24167.26,4279.005
24169.15,3834.232
24170.89,3491.933
24172.63,3201.127
24174.37,2952.152
24176.11,2737.474
24177.85,2551.17
24179.59,2388.525
24181.33,2245.748
24183.07,2119.762
24186.55,1908.547
24190.03,1739.626
24193.51,1602.502
24196.99,1489.765
24200.32,1399.66
24203.64,1323.403
24206.96,1257.965
24210.28,1201.371
24213.6,1152.142
24216.92,1109.088
24223.56,1037.749
24230.21,981.3726
24236.85,936.1486
24243.49,899.2829
24250.13,868.9961
24258.99,836.0261
24267.85,809.2665
24276.71,787.4198
24285.56,769.3701
24294.42,754.2414
24303.27,741.4549
24312.13,730.5215
24320.98,721.1184
24338.69,706.1232
24356.4,694.222
24374.11,684.8854
24391.82,677.4671
24417.13,669.3217
24442.43,663.5309
24467.74,658.9787
24493.04,655.9047
24518.35,653.5583
24543.65,652.3129
24594.26,651.8212
24654.99,655.2174
24715.71,661.134
24827.05,682.2255
24938.39,715.3291
25049.73,763.5151
25161.06,831.6072
25272.4,921.747
25383.73,1043.999
25439.4,1117.442
25495.07,1205.461
25606.4,1415.098
25692.44,1625.077
25778.47,1886.875
25864.51,2213.995
25950.54,2624.293
25993.56,2865.488
26036.58,3141.938
26079.6,3443.426
26122.61,3784.137
26165.63,4174.956
26208.64,4617.75
26251.66,5120.925
26294.67,5693.942
26350.34,6563.117
26406.01,7589.609
26461.68,8815.183
26517.34,10294.57
26573.01,12051.48
26628.67,14180.28
26684.34,16734.53
26740.0,19767.21
26772.44,21815.14
26804.88,24080.55
26837.32,26566.42
26869.76,29262.9
26902.2,32270.42
26918.42,33897.54
26934.64,35625.84
26950.86,37476.5
26967.08,39481.0
26983.3,41667.1
26999.52,44159.95
27013.64,46670.82
27027.75,49628.77
27041.87,53219.48
27048.93,55322.0
27055.98,57675.8
27070.1,63231.15
27084.21,69746.19
27098.32,76636.15
27105.38,79788.8
27112.43,82397.11
27120.0,84345.02
27126.25,85159.36
27132.5,85230.47
27141.25,84213.1
27149.99,82182.82
27167.47,77189.72
27176.21,74694.96
27184.95,72344.83
27193.69,70211.55
27202.43,68317.74
27211.17,66641.78
27219.91,65158.03
27228.65,63838.12
27237.39,62650.29
27254.87,60578.34
27272.35,58783.14
27292.83,56901.26
27313.31,55126.92
27333.79,53420.92
27354.27,51744.25
27395.23,48432.32
27436.18,45167.61
27477.14,42005.24
27518.09,38975.97
27559.05,36103.71
27600.0,33424.15
27640.51,30995.19
27681.02,28772.15
27721.53,26745.51
27762.03,24903.74
27802.54,23231.76
27843.04,21719.07
27924.05,19096.94
28005.07,16925.9
28086.08,15120.19
28167.09,13606.43
28248.1,12326.92
28359.5,10881.25
28415.2,10245.56
28470.89,9687.25
28582.28,8698.259
28693.67,7877.939
28805.07,7172.305
28916.46,6571.205
29027.85,6048.08
29139.24,5584.832
29260.76,5143.988
29382.28,4748.387
29445.58,4561.317
29508.87,4383.992
29572.16,4215.542
29635.45,4055.3
29698.74,3906.482
29730.39,3836.617
29762.03,3770.019
29793.68,3707.215
29825.32,3649.584
29856.97,3598.882
29888.61,3557.802
29918.99,3531.563
29934.18,3524.931
29949.37,3524.038
29967.1,3532.56
29984.82,3554.449
30002.54,3594.236
30020.26,3655.82
30037.98,3753.666
30046.84,3819.949
30055.7,3901.104
30064.56,4000.442
30073.42,4122.212
30082.28,4271.885
30091.14,4456.634
30100.01,4686.209
30108.87,4972.689
30117.73,5331.352
30126.59,5783.541
30135.45,6368.517
30144.31,7130.222
30148.74,7596.27
30153.17,8132.482
30157.6,8751.323
30162.03,9467.611
30169.36,10914.89
30173.02,11785.08
30176.68,12771.85
30180.34,13890.19
30184.0,15155.44
30187.66,16582.3
30191.32,18183.49
30198.64,21935.49
30205.96,26329.93
30213.28,30958.03
30220.6,35080.3
30225.3,37005.31
30230.0,38087.08
30234.7,38207.58
30238.01,37723.11
30241.31,36823.05
30247.92,34069.43
30261.13,27062.98
30267.74,23748.09
30274.34,20845.95
30280.95,18381.33
30287.55,16327.03
30292.29,15071.3
30297.03,13975.47
30301.77,13017.25
30306.5,12175.15
30311.24,11428.23
30315.98,10766.38
30320.72,10178.84
30325.45,9656.627
30334.93,8769.154
30344.4,8050.647
30353.87,7460.235
30363.34,6968.898
30371.32,6615.86
30379.3,6308.092
30387.28,6037.879
30395.26,5799.075
30403.24,5586.934
30411.22,5398.737
30427.17,5075.346
30443.13,4806.79
30459.08,4582.032
30475.04,4390.851
30490.99,4226.264
30508.95,4065.998
30526.9,3926.948
30544.85,3804.801
30562.8,3698.28
30580.75,3600.716
30598.7,3513.08
30616.65,3431.919
30634.6,3359.319
30670.5,3228.433
30706.4,3114.769
30742.3,3014.49
30778.2,2925.102
30857.99,2755.86
30897.88,2681.556
30937.77,2614.99
31017.55,2495.646
31097.33,2395.12
31177.11,2313.965
31256.89,2251.243
31336.67,2208.733
31416.45,2190.892
31488.26,2203.235
31560.06,2249.093
31631.87,2337.9
31667.77,2398.261
31703.67,2483.505
31739.58,2578.197
31775.48,2705.717
31811.38,2851.843
31847.28,3032.795
31883.18,3242.01
31919.08,3501.398
31954.98,3813.112
31990.88,4188.29
32035.46,4765.631
32080.04,5485.837
32124.62,6396.673
32146.91,6935.802
32169.19,7549.603
32213.77,8991.857
32236.06,9859.957
32258.35,10827.94
32280.64,11897.83
32302.93,13107.93
32347.5,15929.05
32380.32,18389.05
32413.13,21168.42
32478.75,27424.05
32511.57,30649.83
32544.38,33689.65
32577.19,36305.75
32610.0,38245.88
32647.5,39421.95
32685.0,39458.5
32735.57,37937.58
32786.14,35224.55
32836.71,32136.85
32887.27,28950.24
32937.84,25966.67
32988.41,23330.19
33038.98,21036.63
33089.54,19069.71
33130.69,17709.64
33171.83,16484.6
33212.97,15383.25
33254.11,14441.07
33295.26,13597.28
33336.4,12830.1
33377.54,12159.74
33418.68,11560.78
33459.83,11009.96
33500.97,10517.43
33583.25,9670.0
33665.54,8964.862
33747.82,8367.49
33897.43,7515.577
33972.24,7160.773
34047.04,6859.517
34121.85,6581.469
34196.65,6345.304
34346.26,5940.435
34495.87,5631.412
34645.48,5392.149
34795.09,5214.161
34944.69,5095.083
35064.38,5046.256
35184.07,5039.738
35311.24,5086.077
35438.41,5198.141
35565.58,5392.196
35692.74,5693.768
35819.91,6142.529
35947.08,6775.207
36010.67,7204.216
36074.25,7725.404
36137.83,8362.102
36201.41,9145.491
36265.0,10117.44
36328.58,11333.23
36392.17,12868.11
36455.75,14823.27
36487.55,15987.55
36519.34,17338.16
36551.13,18822.88
36582.92,20518.02
36614.71,22484.32
36646.5,24730.18
36678.29,27292.86
36710.08,30208.71
36751.32,34594.06
36792.56,39620.55
36875.04,51256.39
36916.28,57133.66
36957.52,62293.8
36998.76,65874.17
37040.0,67154.81
37070.27,66403.19
37100.53,64359.54
37130.79,61330.11
37161.05,57574.06
37282.09,40686.08
37342.62,33489.5
37403.14,27711.52
37433.4,25227.52
37463.66,23095.3
37524.18,19448.88
37570.23,17229.1
37616.27,15380.28
37662.31,13839.53
37708.35,12560.0
37754.4,11507.32
37777.42,11060.9
37800.44,10671.87
37823.47,10339.63
37846.49,10070.03
37869.51,9872.77
37892.53,9764.431
37908.36,9756.051
37924.19,9805.276
37940.02,9949.313
37955.84,10209.67
37971.67,10629.73
37979.59,10919.58
37987.5,11276.76
37995.42,11716.47
38003.33,12252.9
38011.24,12908.0
38019.15,13722.31
38027.03,14731.75
38034.9,15986.45
38042.77,17554.17
38050.64,19520.33
38058.51,21990.11
38066.38,25083.86
38074.25,28917.81
38082.12,33561.35
38101.06,46887.85
38105.8,49949.58
38110.53,52461.84
38115.27,54195.99
38120.0,54965.93
38124.73,54699.42
38129.45,53442.45
38134.18,51338.33
38138.9,48613.14
38157.79,35810.31
38162.52,32889.83
38167.24,30227.68
38171.96,27822.22
38176.68,25666.14
38181.41,23741.36
38186.13,22036.17
38190.85,20523.82
38195.57,19182.05
38201.62,17678.45
38207.67,16381.86
38213.72,15259.0
38219.77,14281.92
38225.82,13427.37
38231.87,12676.17
38237.92,12012.47
38243.96,11424.08
38256.06,10426.8
38268.16,9619.415
38280.26,8961.053
38292.35,8404.855
38308.49,7787.463
38324.62,7281.519
38340.75,6858.592
38356.88,6499.052
38373.01,6188.861
38389.14,5919.749
38421.4,5467.398
38453.66,5098.412
38485.92,4790.326
38518.18,4526.963
38550.44,4298.492
38614.97,3915.227
38679.49,3602.866
38744.01,3342.374
38808.53,3121.883
38921.45,2813.614
39034.36,2592.263
39090.82,2500.102
39147.27,2433.08
39260.18,2360.869
39332.77,2366.493
39405.36,2420.909
39477.95,2534.081
39514.24,2611.907
39550.53,2720.711
39586.83,2841.585
39623.12,3001.551
39659.42,3183.431
39695.71,3405.411
39732.01,3659.135
39768.3,3968.104
39804.59,4333.191
39840.88,4764.68
39885.24,5402.36
39929.6,6178.602
39973.96,7130.127
40018.31,8303.675
40062.67,9733.555
40107.03,11500.48
40151.39,13666.67
40195.74,16297.96
40240.03,19520.05
40284.31,23337.18
40328.59,27769.6
40372.87,32720.77
40417.16,37940.29
40461.44,42982.59
40505.72,47243.73
40550.0,50101.21
40590.38,51143.99
40635.59,50509.45
40680.8,48305.61
40771.22,41363.27
40816.43,37669.83
40861.64,34191.93
40906.85,31234.7
40929.45,30062.57
40952.05,29295.27
40971.82,29141.05
40981.04,29352.33
40990.26,29875.34
40999.48,30821.74
41008.69,32407.8
41013.3,33550.45
41017.91,34993.72
41022.52,36795.16
41027.12,39003.81
41031.73,41656.96
41036.34,44720.11
41045.55,51467.2
41049.17,53927.99
41052.78,55954.89
41056.39,57334.6
41060.0,57898.44
41063.23,57647.34
41066.46,56703.69
41072.91,53149.78
41085.82,43401.51
41092.28,38948.49
41098.73,35248.6
41105.19,32273.83
41111.64,29896.55
41116.62,28378.32
41121.59,27085.32
41131.54,25011.18
41141.49,23430.94
41151.43,22195.39
41161.38,21181.26
41171.33,20319.89
41191.22,18934.42
41211.12,17848.81
41231.01,16955.54
41270.8,15473.12
41301.12,14556.79
41331.43,13767.03
41392.06,12452.63
41452.69,11407.17
41513.32,10581.29
41573.96,9950.531
41634.59,9510.077
41695.22,9271.505
41755.85,9264.723
41803.15,9466.14
41850.45,9842.689
41897.75,10502.1
41945.05,11487.09
41968.7,12125.97
41992.35,12887.1
42016.0,13781.96
42039.65,14816.32
42063.3,16010.5
42086.95,17389.36
42134.25,20675.05
42162.47,23024.45
42190.69,25620.65
42247.13,31318.1
42275.35,34238.27
42303.57,36979.71
42331.79,39431.04
42360.0,41433.07
42397.63,43125.0
42435.25,43654.37
42462.71,43319.42
42490.16,42527.86
42545.07,39835.0
42599.98,36667.63
42654.89,33278.46
42709.8,30114.05
42764.71,27284.71
42819.62,24835.22
42874.52,22713.62
42914.56,21362.55
42954.59,20153.37
42994.63,19067.38
43034.66,18107.28
43074.7,17218.81
43114.73,16425.07
43154.77,15681.3
43194.8,15032.47
43234.84,14410.83
43274.87,13865.13
43354.94,12874.72
43435.01,12025.12
43515.07,11290.45
43595.14,10649.91
43675.21,10084.37
43755.28,9579.593
43835.35,9133.863
43915.42,8720.803
43995.49,8349.584
44075.56,7998.971
44155.62,7691.291
44235.69,7392.78
44315.76,7127.904
44475.89,6637.814
44636.03,6205.567
44796.16,5820.847
44938.51,5513.061
45080.85,5232.375
45205.4,5008.093
45329.95,4802.304
45454.5,4615.004
45579.05,4447.712
45703.6,4303.229
45828.15,4186.068
45952.7,4103.061
46077.25,4065.879
46175.12,4092.137
46272.98,4153.538
46370.84,4293.849
46468.7,4537.896
46566.57,4910.504
46664.43,5491.957
46713.36,5872.008
46762.29,6363.012
46811.22,6925.377
46860.15,7634.326
46910.01,8530.405
46959.87,9628.249
47009.73,10990.17
47059.58,12679.3
47109.44,14756.41
47159.29,17343.0
47209.15,20493.63
47259.0,24315.41
47296.63,27669.92
47334.25,31405.32
47409.5,39599.39
47447.13,43686.6
47484.75,47415.21
47522.38,50465.28
47560.0,52512.71
47603.0,53384.74
47634.35,52978.91
47665.7,51873.5
47728.4,48068.78
47853.8,37787.84
47916.5,32922.32
47979.2,28632.67
48041.9,24978.94
48104.59,21864.67
48149.72,19932.02
48194.85,18214.94
48239.98,16681.43
48285.11,15304.13
48375.37,12942.41
48465.62,10958.96
48525.8,9820.956
48585.97,8763.692
48646.15,7815.935
48706.32,6949.405
48736.41,6550.658
48766.5,6175.862
48796.59,5825.739
48826.67,5506.354
48856.76,5229.651
48886.84,5004.69
48916.93,4840.301
48947.01,4754.992
48969.58,4770.421
48992.14,4875.446
49014.71,5092.507
49037.27,5455.375
49059.84,6009.975
49071.12,6377.125
49082.4,6813.537
49093.69,7325.218
49104.97,7940.315
49116.25,8667.938
49127.53,9522.659
49136.85,10338.05
49146.17,11264.84
49155.49,12315.94
49164.81,13505.25
49174.13,14848.23
49183.45,16367.75
49192.77,18085.51
49202.09,19985.09
49220.73,24412.92
49239.37,29729.52
49258.01,35876.71
49276.64,42612.44
49289.98,47552.21
49303.32,52321.52
49316.66,56663.6
49330.0,60324.27
49347.8,63793.11
49365.6,65450.89
49378.46,65549.55
49391.32,64849.93
49417.04,61498.1
49442.76,57169.05
49468.47,52295.63
49494.19,47582.18
49519.9,43300.86
49545.62,39523.39
49571.33,36237.46
49589.88,34144.21
49608.43,32258.2
49626.98,30557.85
49645.53,29044.91
49664.08,27649.63
49682.63,26386.95
49701.18,25221.66
49719.72,24176.17
49738.27,23197.9
49756.82,22315.23
49793.91,20731.59
49831.01,19368.88
49868.1,18185.0
49901.08,17254.36
49934.05,16418.52
49967.03,15662.04
50000.0,14973.61
50058.18,13896.17
50116.35,12949.38
50174.52,12121.58
50232.69,11357.29
50290.87,10669.63
50349.04,10026.28
50407.21,9416.345
50465.38,8834.715
50525.98,8252.404
50586.58,7680.006
50647.18,7111.337
50707.77,6540.961
50768.37,5962.889
50798.67,5670.119
50828.96,5375.562
50859.26,5079.878
50889.56,4785.009
50919.86,4495.407
50950.15,4215.3
50979.24,3967.535
51008.32,3755.054
51037.41,3603.26
51051.95,3561.928
51066.49,3552.767
51082.25,3590.791
51098.0,3693.028
51113.76,3874.118
51129.51,4174.958
51137.39,4380.245
51145.27,4629.511
51153.15,4929.693
51161.02,5288.365
51168.9,5715.803
51176.78,6222.461
51184.66,6820.927
51192.53,7524.718
51199.43,8242.001
51206.33,9066.063
51213.23,10010.86
51220.12,11090.03
51227.02,12322.85
51233.92,13723.63
51240.82,15310.05
51247.71,17106.33
51254.61,19141.41
51261.51,21413.57
51268.41,23922.88
51275.3,26671.41
51289.09,32866.18
51302.88,39767.35
51312.16,44567.81
51321.44,49246.76
51330.72,53556.39
51340.0,57253.78
51349.3,60145.51
51358.59,62099.91
51367.88,63092.51
51377.17,63178.71
51387.58,62317.95
51397.98,60649.02
51418.78,56282.78
51439.59,51193.51
51449.99,48680.39
51460.39,46274.6
51470.8,44003.05
51481.2,41884.45
51491.6,39919.46
51502.0,38104.11
51512.41,36430.0
51522.81,34890.96
51543.61,32170.98
51557.61,30576.43
51571.61,29145.22
51585.61,27857.06
51599.6,26694.9
51613.6,25641.51
51627.59,24685.0
51641.59,23814.22
51655.58,23031.04
51683.58,21622.29
51711.57,20422.76
51739.56,19391.24
51767.55,18495.33
51795.55,17709.85
51823.54,17015.92
51851.53,16397.95
51879.52,15843.83
51907.51,15343.82
51935.5,14890.04
51963.49,14476.11
51991.48,14104.55
52047.47,13428.72
52103.45,12847.78
52159.43,12341.47
52215.41,11894.85
52286.33,11398.09
52357.24,10961.66
52428.15,10579.29
52499.06,10223.53
52640.89,9608.6
52782.71,9087.299
52924.54,8626.09
53066.36,8208.216
53208.18,7821.422
53350.0,7456.415
53484.37,7123.757
53618.73,6796.364
53753.09,6468.163
53820.27,6302.551
53887.45,6133.233
53954.63,5962.25
54021.81,5785.18
54088.99,5604.42
54156.17,5416.829
54223.35,5223.6
54290.53,5020.779
54357.71,4808.36
54424.89,4584.935
54484.61,4376.139
54544.32,4157.279
54604.04,3928.139
54663.75,3689.518
54723.47,3443.672
54753.33,3319.565
54783.18,3196.039
54813.04,3074.705
54842.9,2957.918
54872.76,2848.959
54902.61,2752.516
54925.01,2692.467
54947.4,2647.362
54969.8,2620.964
54992.19,2620.012
55016.45,2659.892
55040.71,2757.006
55064.97,2919.988
55077.1,3042.323
55089.23,3195.483
55101.36,3384.746
55113.49,3616.553
55125.62,3898.582
55137.75,4239.976
55149.88,4651.585
55162.01,5146.264
55174.14,5739.321
55186.26,6448.314
55195.97,7114.67
55205.68,7881.983
55215.39,8764.355
55225.1,9778.067
55234.81,10940.2
55244.52,12269.26
55254.23,13781.21
55263.93,15488.62
55273.64,17441.49
55283.35,19657.21
55293.06,22114.31
55302.76,24823.63
55322.18,30978.99
55341.59,37859.55
55353.7,42271.26
55365.8,46526.57
55377.9,50398.66
55390.0,53663.71
55406.14,56771.37
55422.28,58281.19
55435.49,58366.05
55448.7,57552.67
55475.12,53979.85
55501.54,49477.52
55527.95,44697.99
55541.16,42429.97
55554.37,40290.34
55567.58,38293.25
55580.79,36439.28
55594.0,34727.76
55607.21,33152.88
55620.42,31703.44
55633.62,30371.89
55650.32,28840.52
55667.02,27461.79
55683.72,26218.0
55700.42,25093.17
55717.12,24073.35
55733.82,23146.24
55767.22,21528.91
55783.92,20824.51
55800.62,20190.64
55834.02,19029.97
55867.42,18035.85
55900.82,17177.85
55934.22,16430.89
55967.62,15774.51
56001.02,15192.6
56034.42,14672.9
56067.82,14206.03
56101.22,13784.66
56134.62,13402.85
56168.02,13055.63
56201.42,12739.0
56234.82,12458.0
56301.62,11935.83
56368.42,11486.31
56435.21,11096.32
56511.56,10708.11
56587.9,10368.26
56664.24,10067.48
56740.58,9798.754
56816.93,9556.562
56893.27,9336.998
57045.95,8951.095
57198.64,8620.164
57351.32,8330.744
57504.01,8072.92
57656.69,7839.516
57847.55,7574.899
58038.4,7330.94
58229.26,7101.627
58420.11,6882.402
58572.8,6711.661
58725.48,6542.191
58878.17,6371.604
59030.85,6197.29
59183.54,6016.137
59259.88,5921.808
59336.22,5824.11
59412.57,5722.335
59488.91,5615.616
59565.25,5502.85
59641.59,5382.685
59694.08,5294.27
59746.56,5202.365
59799.05,5103.957
59851.53,4998.76
59904.02,4886.173
59930.26,4826.457
59956.5,4764.684
59982.75,4700.51
60008.99,4633.613
60035.23,4564.813
60061.47,4493.325
60082.95,4433.32
60104.42,4372.418
60125.89,4311.25
60147.36,4250.903
60168.83,4193.133
60190.3,4140.821
60211.77,4098.69
60222.51,4083.662
60233.24,4073.731
60246.37,4072.246
60259.49,4087.281
60272.61,4124.971
60285.73,4194.807
60298.85,4310.795
60311.97,4493.928
60318.53,4620.109
60325.09,4776.304
60331.65,4969.376
60338.21,5207.982
60346.56,5595.075
60354.91,6102.577
60363.26,6767.516
60371.61,7644.828
60375.79,8188.048
60379.96,8814.333
60384.14,9539.378
60388.31,10373.81
60392.49,11337.33
60396.66,12441.99
60400.83,13706.58
60405.0,15146.01
60410.63,17385.28
60416.25,19963.53
60427.5,25965.67
60433.13,29140.47
60438.75,32145.75
60444.38,34731.98
60450.0,36647.02
60455.64,37730.39
60461.28,37920.49
60469.26,36817.25
60477.23,34572.4
60485.21,31771.75
60493.18,28868.87
60501.16,26122.21
60509.13,23670.07
60517.1,21543.05
60525.07,19723.78
60530.69,18606.52
60536.31,17610.57
60541.93,16722.53
60547.54,15929.97
60553.16,15216.51
60558.78,14572.62
60564.4,13990.22
60570.01,13463.45
60581.25,12547.55
60592.48,11783.89
60603.71,11139.13
60614.94,10588.86
60624.93,10163.64
60634.92,9788.272
60644.91,9454.66
60654.89,9156.569
60664.88,8888.433
60674.86,8647.688
60694.83,8226.915
60714.8,7870.202
60734.77,7564.93
60754.74,7299.831
60774.71,7066.572
60792.19,6883.577
60809.67,6716.888
60844.62,6422.605
60879.57,6170.789
60914.52,5944.367
60949.47,5739.453
60984.42,5550.848
61019.37,5374.657
61054.32,5207.843
61106.75,4970.005
61159.18,4741.595
61211.61,4518.776
61264.03,4299.745
61290.25,4191.318
61316.46,4084.155
61342.67,3978.359
61368.88,3874.69
61395.1,3775.024
61421.31,3680.01
61447.52,3592.344
61473.73,3515.283
61503.69,3449.231
61533.64,3417.147
61556.11,3426.468
61578.58,3477.06
61601.05,3585.502
61623.52,3775.528
61645.99,4081.453
61657.23,4292.688
61668.46,4550.086
61679.7,4861.996
61690.93,5249.0
61702.16,5723.265
61713.39,6300.674
61721.31,6781.069
61729.22,7330.811
61737.13,7959.925
61745.04,8678.881
61752.96,9500.275
61760.87,10434.89
61768.78,11498.58
61776.69,12704.16
61784.61,14060.18
61792.52,15572.21
61808.34,19094.75
61824.17,23250.62
61839.99,27844.04
61850.0,30804.92
61860.0,33641.14
61870.0,36199.91
61880.0,38332.92
61893.34,40321.89
61906.68,41224.19
61915.68,41238.58
61924.68,40828.26
61942.68,38989.62
61960.68,36512.19
61978.68,33756.06
61996.68,31017.89
62014.68,28492.75
62032.68,26239.12
62050.67,24271.53
62065.33,22859.72
62079.99,21588.73
62094.65,20452.23
62109.31,19437.53
62123.97,18527.33
62138.63,17707.84
62153.29,16969.66
62167.94,16302.06
62182.6,15694.4
62197.26,15141.14
62226.58,14171.13
62255.9,13349.67
62285.21,12645.14
62311.87,12086.38
62338.52,11598.75
62365.17,11153.92
62391.82,10757.87
62418.48,10391.2
62445.13,10061.66
62498.43,9473.228
62551.74,8965.325
62605.04,8514.205
62658.35,8103.357
62711.65,7722.404
62754.3,7432.873
62796.94,7152.067
62839.59,6876.156
62882.23,6601.933
62924.88,6326.302
62967.52,6046.938
63010.17,5762.309
63031.49,5618.133
63052.81,5473.035
63074.13,5327.98
63095.45,5184.508
63116.77,5045.245
63138.09,4914.555
63154.09,4826.32
63170.08,4751.534
63186.07,4694.698
63202.06,4669.392
63215.39,4682.957
63228.71,4741.676
63242.04,4865.142
63255.36,5082.076
63268.69,5436.452
63275.35,5684.596
63282.01,5994.218
63288.68,6378.88
63295.34,6853.55
63302.0,7442.293
63308.66,8176.892
63316.28,9243.717
63323.89,10614.03
63331.51,12376.32
63335.32,13435.91
63339.12,14630.42
63342.93,15981.45
63346.74,17501.24
63350.55,19203.79
63354.35,21095.25
63361.96,25486.25
63369.57,30640.46
63377.18,36337.76
63384.79,42108.02
63392.4,47260.78
63396.2,49366.22
63400.0,51050.52
63406.09,52737.75
63412.18,53115.63
63420.55,51694.34
63428.91,48647.0
63437.28,44771.08
63445.64,40689.54
63454.01,36766.84
63462.37,33214.69
63470.74,30092.97
63479.1,27399.72
63486.07,25441.93
63493.03,23710.21
63500.0,22171.76
63506.96,20806.67
63513.93,19587.74
63520.89,18497.44
63527.86,17514.49
63534.82,16626.24
63548.75,15077.88
63562.68,13769.03
63576.61,12638.91
63590.54,11642.53
63603.84,10784.74
63617.14,9995.092
63630.44,9255.702
63643.73,8553.211
63657.03,7876.519
63663.68,7546.145
63670.33,7220.834
63676.98,6901.056
63683.63,6587.974
63690.28,6283.897
63696.92,5993.518
63704.52,5686.476
63712.12,5422.354
63719.72,5228.096
63723.52,5170.164
63727.32,5148.368
63731.76,5182.524
63736.19,5301.501
63740.62,5535.109
63745.05,5924.533
63749.48,6525.977
63751.7,6929.877
63753.91,7414.783
63756.13,7998.275
63758.34,8689.935
63760.56,9512.692
63762.77,10477.34
63764.68,11443.05
63766.58,12538.73
63768.49,13788.94
63770.39,15192.96
63772.3,16776.74
63774.2,18532.61
63778.0,22602.41
63781.81,27410.15
63785.62,32827.59
63789.43,38609.01
63793.23,44372.53
63796.62,49154.0
63800.0,53258.06
63802.55,55755.7
63805.09,57645.1
63807.63,58899.48
63810.17,59519.97
63815.14,59065.35
63820.1,56890.31
63825.06,53672.53
63830.02,50015.11
63834.98,46343.36
63839.94,42900.88
63844.9,39795.39
63849.86,37051.52
63853.18,35408.78
63856.5,33909.65
63859.82,32542.13
63863.14,31294.01
63866.46,30153.65
63869.78,29110.22
63876.41,27277.9
63883.05,25722.03
63889.68,24390.26
63896.32,23235.45
63902.95,22229.67
63908.64,21464.91
63914.33,20777.25
63920.02,20155.86
63925.71,19591.76
63937.09,18606.55
63948.46,17775.58
63959.84,17063.92
63971.22,16448.68
63982.6,15912.9
63993.97,15438.5
64006.3,14980.7
64018.63,14573.66
64030.96,14209.19
64043.28,13880.88
64055.61,13582.9
64067.93,13311.4
64092.58,12833.46
64117.23,12425.52
64141.88,12076.38
64166.53,11765.35
64191.18,11490.29
64221.52,11191.74
64251.86,10928.84
64282.2,10694.99
64312.54,10485.18
64342.88,10295.5
64373.22,10123.57
64433.9,9820.64
64494.58,9560.999
64555.26,9335.469
64615.94,9136.871
64676.62,8959.961
64775.23,8709.822
64873.83,8497.478
64923.13,8396.158
64972.43,8307.547
65071.03,8138.049
65169.64,7985.36
65268.24,7848.291
65465.44,7606.039
65662.65,7398.222
65761.25,7297.971
65859.85,7209.031
66057.06,7036.685
66254.26,6877.442
66618.34,6609.556
66982.41,6357.328
67300.98,6144.058
67619.54,5930.507
67938.11,5712.131
68256.67,5482.654
68415.96,5363.019
68575.24,5237.187
68734.52,5106.979
68893.8,4970.462
69053.09,4824.576
69212.37,4672.168
69371.65,4509.545
69530.93,4337.066
69675.05,4168.908
69819.16,3989.89
69963.27,3799.609
70107.38,3597.948
70251.49,3385.635
70395.6,3165.104
70539.71,2943.344
70611.77,2836.126
70683.82,2735.186
70744.5,2658.372
70805.18,2592.935
70865.86,2544.053
70926.54,2518.89
70979.64,2524.466
71032.73,2566.219
71085.83,2656.288
71138.92,2800.154
71192.02,3038.782
71218.57,3200.738
71245.11,3397.416
71271.66,3634.833
71298.2,3919.909
71324.75,4261.514
71351.29,4669.843
71373.17,5066.466
71395.04,5524.381
71416.91,6049.424
71438.78,6655.836
71460.66,7358.289
71482.53,8162.964
71504.4,9084.214
71526.27,10147.16
71548.15,11367.54
71570.02,12753.57
71591.89,14336.91
71613.76,16156.57
71635.64,18172.44
71657.51,20447.92
71701.25,25736.55
71745.94,32087.36
71790.63,38967.2
71835.32,45604.26
71857.66,48488.31
71880.0,50996.18
71915.75,53819.72
71951.5,55104.77
71983.47,55006.03
72015.44,53928.27
72079.37,49829.14
72143.3,44912.23
72175.27,42407.25
72207.23,39999.35
72239.2,37756.89
72271.16,35642.42
72303.13,33719.8
72335.09,31961.39
72367.06,30329.46
72399.02,28868.77
72462.95,26287.49
72531.0,24021.82
72565.03,23022.69
72599.05,22120.98
72667.1,20518.59
72735.15,19160.73
72803.2,17981.47
72871.25,16957.24
72939.3,16052.77
73007.35,15241.03
73056.84,14701.49
73106.33,14195.95
73155.82,13718.74
73205.31,13264.69
73250.17,12869.23
73295.02,12485.85
73339.87,12111.45
73384.72,11743.7
73407.15,11561.37
73429.57,11380.92
73452.0,11202.09
73474.42,11025.63
73496.85,10852.63
73519.27,10685.45
73541.7,10527.61
73564.12,10384.28
73576.5,10316.14
73588.87,10258.92
73601.24,10216.37
73613.61,10193.79
73626.76,10200.08
73639.91,10250.26
73653.06,10363.27
73666.2,10567.1
73679.35,10902.64
73685.92,11136.83
73692.49,11430.17
73699.07,11799.15
73705.64,12260.61
73712.21,12836.23
73718.78,13552.61
73727.37,14757.3
73735.95,16348.37
73744.53,18433.21
73753.11,21118.26
73761.69,24472.26
73770.27,28458.54
73778.85,32848.47
73787.43,37169.82
73793.72,39919.98
73800.0,42026.33
73806.3,43312.75
73812.6,43700.72
73822.22,42712.53
73831.83,40377.14
73841.45,37419.64
73851.06,34368.37
73860.68,31515.39
73870.29,28999.27
73879.91,26836.22
73889.52,25001.3
73896.04,23918.83
73902.56,22950.6
73909.08,22082.97
73915.6,21303.84
73922.12,20602.94
73928.64,19970.71
73941.67,18873.8
73954.71,17952.83
73967.75,17173.58
73980.79,16506.69
73993.82,15929.72
74015.01,15139.18
74036.19,14491.91
74057.38,13941.95
74078.56,13465.95
74099.75,13048.18
74120.93,12675.82
74142.12,12339.07
74163.3,12031.06
74199.16,11558.81
74235.01,11130.86
74270.87,10732.61
74306.72,10353.89
74342.58,9986.455
74360.51,9805.271
74378.43,9625.179
74396.36,9445.754
74414.28,9267.186
74432.21,9089.624
74450.13,8913.743
74464.8,8772.14
74479.47,8634.193
74494.14,8501.779
74508.8,8377.889
74523.47,8266.593
74538.14,8174.184
74552.81,8109.705
74567.47,8086.479
74580.51,8116.202
74593.55,8214.196
74606.59,8409.564
74619.62,8743.013
74632.66,9269.677
74639.18,9632.621
74645.7,10083.09
74652.22,10638.35
74658.74,11318.04
74665.26,12145.74
74671.77,13147.44
74681.55,15049.87
74691.33,17523.12
74701.11,20652.02
74710.89,24464.99
74720.67,28866.7
74730.45,33575.21
74740.23,38116.29
74750.0,41915.57
74756.12,43695.26
74762.23,44918.43
74768.34,45566.23
74774.45,45662.09
74781.64,45155.98
74788.82,44139.85
74803.19,41251.63
74817.56,37921.57
74824.75,36276.57
74831.93,34708.74
74839.12,33234.07
74846.3,31865.21
74853.49,30599.57
74860.67,29437.4
74867.86,28368.6
74875.04,27374.36
74882.22,26341.59
74889.4,24922.21
74894.7,23393.29
74899.99,21570.7
74900.01,17855.42
80000.0,18301.65
90000.0,19116.7
100000.0,19865.36
112500.0,20996.76
125000.0,21867.77
150000.0,22861.75
162820.0,23665.73
162824.0,23665.96
162824.5,23665.97
162824.6,23665.97
165148.1,23754.24
167471.6,23831.97
172118.5,23975.32
181412.3,24212.23
190706.2,24354.35
200000.0,24426.99
225000.0,25693.31
250000.0,26605.22
275000.0,27731.98
300000.0,28611.08
350000.0,30547.86
400000.0,32448.36
450000.0,34349.35
500000.0,36277.22
550000.0,38615.61
600000.0,41042.61
650000.0,43564.32
700000.0,46185.65
750000.0,48912.37
800000.0,51748.25
850000.0,54653.74
900000.0,57664.27
950000.0,60732.91
1000000.0,63893.08
1100000.0,70323.38
1200000.0,76860.29
1250000.0,80134.61
1279000.0,82022.68
1280940.0,81806.95
1280941.0,81807.0
1300000.0,82944.7
1325000.0,84462.29
1350000.0,85945.82
1400000.0,88922.81
1475200.0,93485.74
1475227.0,93487.32
1475230.0,93487.55
1500000.0,94810.37
1583200.0,99359.34
1600000.0,100223.2
1650000.0,102784.4
1700000.0,105195.4
1705880.0,105475.8
1727940.0,106540.4
1750000.0,107614.2
1800000.0,110144.8
1832600.0,111685.2
1832640.0,111687.0
1832644.0,111687.2
1832645.0,111687.2
1864210.0,113068.3
1900000.0,114645.3
1950000.0,116795.1
2000000.0,118965.4
2209470.0,126588.5
2209500.0,126589.0
2213250.0,126627.6
2250000.0,127484.9
2308040.0,129304.5
2308042.0,129304.5
2346450.0,130388.0
2370405.0,131091.7
2394360.0,131805.5
2415700.0,132395.4
2415706.0,132395.6
2457890.0,133603.8
2457893.0,133603.6
2467900.0,133717.4
2467904.0,133717.4
2468210.0,133724.0
2500000.0,134343.3
2551350.0,135080.2
2602700.0,135840.3
2749300.0,137880.6
2895900.0,139771.1
3000000.0,141201.3
3241200.0,146351.2
3500000.0,151212.9
3588500.0,152652.8
3791250.0,155466.5
3994000.0,158218.0
4000000.0,158302.3
4250000.0,163142.9
4500000.0,167754.1
4750000.0,171845.2
5000000.0,175676.5
5500000.0,183833.7
5750000.0,187524.5
6000000.0,191210.8
6500000.0,198740.4
7000000.0,205636.0
7500000.0,212099.7
8000000.0,218274.4
8412330.0,222423.1
8478000.0,223069.9
8500000.0,223285.7
9000000.0,228120.3
9065750.0,228510.5
9147520.0,229065.2
9500000.0,231844.9
1.0E7,237039.7
1.05E7,240660.4
1.06847E7,242148.0
1.09756E7,244555.0
1.1E7,244760.8
1.12188E7,245850.0
1.15E7,247332.6
1.2E7,250481.3
1.25E7,252697.5
1.3E7,255447.7
1.35E7,257740.1
1.4E7,260463.3
1.45E7,263663.8
1.5E7,267214.8
1.55E7,270822.2
1.6E7,274718.3
1.65E7,278872.2
1.7E7,283296.0
1.75E7,286929.4
1.8E7,290793.3
1.85E7,293961.6
1.9E7,297316.0
1.95E7,299980.7
2.0E7,302793.5
