1.0E-5,1134.039
1.0625E-5,1100.18
1.125E-5,1069.183
1.1875E-5,1040.666
1.25E-5,1014.316
1.375E-5,967.112
1.5E-5,925.9395
1.625E-5,889.6139
1.75E-5,857.2534
1.875E-5,828.1855
2.0E-5,801.8871
2.1875E-5,766.7508
2.375E-5,735.8622
2.5625E-5,708.4291
2.75E-5,683.8518
2.9375E-5,661.667
3.125E-5,641.51
3.3125E-5,623.0897
3.5E-5,606.17
3.875E-5,576.0931
4.25E-5,550.0905
4.625E-5,527.3183
5.0E-5,507.1586
5.3125E-5,492.0161
5.625E-5,478.1538
5.9375E-5,465.4008
6.25E-5,453.6167
6.875E-5,432.5066
7.5E-5,414.0936
8.125E-5,397.8483
8.75E-5,383.3764
9.375E-5,370.3769
1.0E-4,358.6159
1.0625E-4,347.9087
1.125E-4,338.1066
1.1875E-4,329.0888
1.25E-4,320.7562
1.375E-4,305.8292
1.5E-4,292.8093
1.625E-4,281.3222
1.75E-4,271.089
1.875E-4,261.8971
2.0E-4,253.5808
2.1875E-4,242.4698
2.375E-4,232.7021
2.5625E-4,224.0271
2.75E-4,216.2551
2.9375E-4,209.2397
3.125E-4,202.8656
3.3125E-4,197.0406
3.5E-4,191.6904
3.875E-4,182.1793
4.25E-4,173.9567
4.625E-4,166.7556
5.0E-4,160.3806
5.3125E-4,155.5923
5.625E-4,151.2088
5.9375E-4,147.176
6.25E-4,143.4497
6.875E-4,136.7742
7.5E-4,130.9518
8.125E-4,125.8147
8.75E-4,121.2385
9.375E-4,117.1278
0.001,113.4089
0.0010625,110.0231
0.001125,106.9235
0.0011875,104.0721
0.00125,101.4372
0.001375,96.71714
0.0015,92.60017
0.001625,88.96791
0.00175,85.73213
0.001875,82.8256
0.002,80.19602
0.0021875,76.68274
0.002375,73.59421
0.0025625,70.85121
0.00275,68.39376
0.0029375,66.17554
0.003125,64.16008
0.0033125,62.31828
0.0035,60.62653
0.003875,57.61922
0.00425,55.01931
0.004625,52.74238
0.005,50.72668
0.0053125,49.21264
0.005625,47.8266
0.0059375,46.55148
0.00625,45.37324
0.006875,43.26257
0.0075,41.42162
0.008125,39.79748
0.00875,38.3507
0.009375,37.05122
0.01,35.87564
0.010625,34.80544
0.01125,33.82577
0.011875,32.92453
0.0125,32.09176
0.01375,30.59991
0.015,29.29857
0.01625,28.15031
0.0175,27.12737
0.01875,26.20856
0.02,25.37742
0.021325,24.5777
0.02265,23.84947
0.023975,23.18271
0.0253,22.56925
0.02684375,21.91274
0.0283875,21.3106
0.031475,20.2418
0.0345625,19.31904
0.03765,18.51178
0.0407375,17.79798
0.043825,17.16108
0.0469125,16.58833
0.05,16.06977
0.053125,15.59198
0.05625,15.15493
0.059375,14.75314
0.0625,14.38203
0.06875,13.71705
0.075,13.13642
0.08125,12.62384
0.0875,12.16722
0.09375,11.75722
0.1,11.38649
0.10625,11.04922
0.1125,10.74084
0.11875,10.45758
0.125,10.19614
0.1375,9.727557
0.15,9.318024
0.1625,8.95659
0.175,8.634884
0.1875,8.346411
0.2,8.085993
0.21875,7.738074
0.2375,7.431783
0.25625,7.159879
0.275,6.916526
0.29375,6.697082
0.3125,6.497932
0.33125,6.316446
0.35,6.150625
0.3875,5.855357
0.425,5.599182
0.5,5.178708
0.625,4.655649
0.75,4.270828
0.875,3.974809
1.0,3.737516
1.25,3.341918
1.5,3.050155
1.75,2.824152
2.0,2.64177
2.375,2.424053
2.75,2.252859
3.125,2.112991
3.5,1.9963
4.25,1.811195
5.0,1.669685
6.25,1.493117
7.5,1.362661
8.75,1.261407
10.0,1.179789
12.5,1.054742
15.0,0.9624334
17.5,0.890742
20.0,0.8329174
23.75,0.7639047
27.5,0.7095472
31.25,0.6652209
35.0,0.6282105
42.5,0.5694429
50.0,0.5244264
62.5,0.4682017
75.0,0.4266157
87.5,0.394254
100.0,0.3681245
125.0,0.3280496
150.0,0.2983699
175.0,0.2752333
200.0,0.2565207
237.5,0.2341141
275.0,0.2163832
312.5,0.2018764
350.0,0.1897141
425.0,0.1702908
500.0,0.155297
625.0,23.95473
750.0,48.96703
875.0,69.76213
1000.0,89.29282
1125.0,109.7665
1250.0,127.6367
1500.0,161.1161
1750.0,192.1441
2000.0,220.5544
2375.0,264.4532
2750.0,307.8351
3125.0,348.283
3500.0,388.1788
3875.0,427.4749
4250.0,466.0762
5000.0,539.953
5625.0,600.0968
6250.0,657.3132
6875.0,714.8087
7500.0,769.5987
8750.0,877.3508
10000.0,980.9569
11529.03,1102.335
13058.05,1217.776
14587.07,1328.697
15351.58,1383.016
15733.84,1409.865
16116.09,1436.428
16334.52,1451.339
16443.74,1458.769
16552.95,1466.18
16624.63,1471.035
16660.47,1473.459
16696.3,1475.881
16732.14,1478.301
16750.06,1479.511
16767.98,1480.72
16785.9,1481.928
16803.82,1483.136
16821.74,1484.344
16839.65,1485.551
16849.47,1486.213
16859.28,1486.875
16869.09,1487.537
16878.9,1488.2
16888.72,1488.864
16893.63,1489.198
16898.53,1489.531
16903.44,1489.866
16908.34,1490.201
16913.25,1490.538
16918.15,1490.877
16922.42,1491.175
16926.69,1491.475
16930.96,1491.779
16935.22,1492.088
16939.49,1492.404
16941.62,1492.566
16943.75,1492.73
16945.89,1492.899
16948.02,1493.073
16950.15,1493.252
16952.28,1493.438
16954.52,1493.645
16956.76,1493.866
16959.0,1494.105
16961.24,1494.371
16962.36,1494.517
16963.48,1494.673
16964.6,1494.844
16965.72,1495.031
16966.84,1495.239
16967.96,1495.475
16969.08,1495.748
16970.2,1496.077
16970.79,1496.284
16971.38,1496.524
16971.97,1496.812
16972.55,1497.162
16973.14,1497.618
16973.43,1497.892
16973.72,1498.21
16974.02,1498.594
16974.31,1499.032
16974.6,1499.547
16974.89,1500.157
16975.19,1500.91
16975.48,1501.778
16975.78,1502.853
16976.07,1504.095
16976.37,1505.631
16976.66,1507.405
16976.95,1509.514
16977.24,1512.016
16977.54,1515.089
16977.83,1518.603
16978.12,1522.735
16978.41,1527.576
16978.71,1533.437
16979.0,1540.038
16979.29,1547.676
16979.58,1556.474
16979.88,1566.934
16980.17,1578.496
16980.47,1592.103
16980.76,1606.987
16981.06,1624.317
16981.35,1643.069
16981.64,1663.903
16981.93,1686.922
16982.23,1713.122
16982.52,1740.823
16983.11,1804.489
16983.7,1877.79
16984.28,1958.472
16985.56,2158.398
16986.83,2362.222
16987.53,2462.859
16988.22,2545.276
16989.07,2615.131
16989.55,2636.211
16989.84,2642.003
16990.0,2642.913
16990.26,2640.915
16990.55,2633.636
16991.11,2604.957
16991.62,2563.193
16992.12,2509.507
16993.09,2377.57
16994.05,2225.889
16995.06,2063.0
16996.06,1914.602
16996.71,1830.268
16997.35,1758.385
16997.68,1725.809
16998.0,1697.114
16998.32,1671.196
16998.64,1647.949
16998.97,1626.631
16999.29,1608.374
16999.61,1592.325
16999.93,1578.306
17000.25,1566.134
17000.57,1555.629
17000.89,1546.615
17001.21,1538.924
17001.51,1532.773
17001.81,1527.523
17002.11,1523.06
17002.41,1519.281
17002.71,1516.095
17003.01,1513.416
17003.31,1511.17
17003.6,1509.351
17003.9,1507.775
17004.2,1506.463
17004.5,1505.37
17004.8,1504.461
17005.1,1503.705
17005.4,1503.073
17005.7,1502.546
17005.99,1502.117
17006.29,1501.743
17006.59,1501.427
17006.89,1501.158
17007.19,1500.927
17007.79,1500.557
17008.38,1500.278
17008.98,1500.054
17009.57,1499.876
17010.17,1499.727
17010.76,1499.603
17011.87,1499.418
17012.97,1499.279
17014.07,1499.173
17015.17,1499.093
17016.28,1499.032
17017.38,1498.99
17018.48,1498.961
17019.58,1498.945
17021.79,1498.94
17023.99,1498.964
17026.2,1499.011
17028.4,1499.074
17030.79,1499.158
17033.18,1499.253
17035.57,1499.358
17037.96,1499.47
17040.35,1499.589
17042.74,1499.713
17045.13,1499.842
17047.51,1499.974
17052.29,1500.247
17057.06,1500.529
17061.84,1500.818
17066.61,1501.111
17072.13,1501.456
17077.64,1501.804
17083.15,1502.156
17088.66,1502.51
17094.17,1502.866
17099.68,1503.224
17105.19,1503.583
17110.7,1503.944
17121.73,1504.668
17132.75,1505.394
17143.77,1506.122
17154.79,1506.852
17173.9,1508.12
17193.0,1509.39
17212.11,1510.661
17231.21,1511.933
17250.32,1513.206
17269.42,1514.478
17307.63,1517.024
17345.84,1519.57
17384.05,1522.114
17460.47,1527.199
17539.84,1532.474
17619.2,1537.742
17777.92,1548.262
18095.36,1569.201
18730.24,1610.752
20000.0,1691.621
21875.0,1805.929
23750.0,1914.785
25625.0,2018.432
27500.0,2116.133
29375.0,2207.34
31250.0,2291.065
33125.0,2366.881
35000.0,2432.858
36875.0,2487.535
38750.0,2527.813
39687.5,2541.45
40625.0,2549.493
41562.5,2551.341
42500.0,2546.041
43378.91,2533.206
44257.82,2511.273
45136.73,2478.365
46015.63,2432.335
46455.09,2404.537
46894.54,2371.436
47333.99,2333.325
47773.44,2289.573
48212.9,2239.441
48652.35,2181.987
49091.8,2116.245
49531.25,2040.958
50000.0,1948.17
50376.39,1862.447
50752.78,1766.459
51129.17,1658.164
51505.55,1534.955
51881.94,1396.612
52258.32,1239.011
52446.52,1153.511
52634.71,1061.168
52822.9,964.3569
53011.09,862.9234
53331.88,676.1519
53492.27,577.9717
53652.66,477.6575
53813.06,376.5595
53973.45,276.941
54133.84,182.4585
54214.04,138.6928
54254.14,117.7683
54274.19,107.7369
54294.23,97.96352
54310.27,90.33997
54318.29,86.59233
54326.31,82.90026
54334.33,79.27946
54338.34,77.51098
54342.35,75.79538
54344.36,74.97411
54346.36,74.21265
54348.37,73.56802
54349.37,73.33487
54350.37,73.20193
54351.38,73.22226
54352.38,73.47292
54352.88,73.71758
54353.38,74.06488
54353.88,74.53617
54354.38,75.15668
54354.89,75.97398
54355.39,76.99111
54355.89,78.26214
54356.39,79.83307
54356.89,81.75646
54357.39,84.09189
54357.89,86.90654
54358.39,90.27551
54358.73,92.92516
54359.06,95.80555
54359.73,102.7054
54360.4,111.2256
54361.06,121.4708
54361.73,134.0452
54362.4,149.1227
54363.07,167.0276
54363.73,187.7469
54364.24,206.0451
54364.74,226.0605
54365.24,248.245
54365.74,272.6979
54366.74,328.7089
54367.74,394.449
54368.75,470.5937
54369.75,554.9077
54371.75,743.8543
54373.76,943.4895
54375.76,1123.401
54376.77,1197.179
54377.77,1254.082
54378.84,1293.947
54379.41,1305.478
54379.77,1309.144
54380.0,1310.004
54380.34,1309.153
54380.76,1304.615
54381.47,1288.318
54382.7,1235.769
54383.94,1155.35
54385.17,1054.325
54390.1,578.9422
54391.54,456.9167
54392.26,402.6478
54392.98,353.2749
54393.7,308.893
54394.42,269.4565
54395.14,234.8038
54395.86,204.6811
54396.58,178.7667
54397.3,156.6945
54398.02,138.0734
54398.74,122.5058
54399.1,115.7445
54399.46,109.6015
54399.82,104.031
54400.18,98.98891
54400.54,94.43292
54400.9,90.32283
54401.26,86.62047
54401.62,83.28987
54402.07,79.59812
54402.52,76.37345
54402.97,73.56001
54403.42,71.10718
54403.87,68.96923
54404.32,67.10521
54404.77,65.47862
54405.22,64.05705
54405.67,62.81197
54406.12,61.71829
54406.57,60.75412
54407.02,59.90044
54407.92,58.46098
54408.82,57.29399
54409.72,56.32206
54410.62,55.48951
54411.52,54.75673
54412.42,54.09595
54414.22,52.91883
54416.01,51.86978
54419.61,49.96774
54423.2,48.2402
54430.39,45.09079
54437.59,42.20543
54444.78,39.49855
54459.16,34.47071
54472.32,30.23903
54485.47,26.31519
54499.45,22.45736
54513.43,18.91699
54527.41,15.69618
54541.38,12.80368
54555.36,10.24301
54569.34,8.018326
54576.33,7.042983
54583.32,6.162462
54590.31,5.376347
54597.29,4.686807
54602.64,4.224025
54607.98,3.819969
54613.33,3.474
54618.67,3.188172
54624.02,2.962027
54629.36,2.797263
54634.71,2.69481
54640.05,2.656817
54643.55,2.667397
54647.04,2.70629
54650.54,2.774021
54654.03,2.87046
54657.53,2.996288
54661.02,3.150838
54664.51,3.334528
54668.0,3.547615
54674.99,4.064404
54681.98,4.704001
54688.97,5.469323
54695.95,6.361751
54702.53,7.322828
54709.11,8.402572
54715.69,9.603475
54722.26,10.92665
54728.84,12.38158
54735.42,13.97145
54748.57,17.5391
54761.73,21.64203
54774.88,26.3096
54788.03,31.56928
54801.18,37.44557
54814.34,43.96916
54827.49,51.15689
54840.65,59.04746
54853.8,67.65796
54866.96,77.03556
54880.11,87.27497
54906.42,110.1851
54932.73,136.5816
54959.04,166.8533
54985.35,201.3346
55011.65,240.3752
55047.83,302.3902
55084.0,374.8108
55120.18,459.1294
55156.35,556.9455
55192.53,669.5556
55228.7,799.3106
55264.88,948.2345
55301.05,1118.475
55350.38,1391.027
55399.71,1717.76
55449.04,2108.907
55473.71,2332.553
55498.37,2583.526
55547.7,3142.988
55597.03,3812.313
55646.36,4614.294
55695.68,5576.643
55732.33,6427.045
55768.97,7394.908
55805.62,8482.005
55842.26,9754.575
55878.91,11225.18
55915.55,12873.94
55952.2,14777.09
55988.84,16999.41
56025.49,19490.86
56062.13,22308.64
56098.78,25594.35
56135.42,29231.17
56172.07,33250.34
56208.71,37794.8
56282.0,47845.24
56336.5,55953.34
56391.0,63955.35
56445.5,71094.12
56500.0,76589.47
56554.5,79869.46
56609.0,80750.01
56658.04,79650.29
56707.08,77147.94
56805.16,69612.12
56903.24,61277.99
56952.28,57223.01
57001.32,53377.68
57050.36,49881.07
57099.4,46590.85
57148.44,43655.19
57197.48,41000.81
57246.52,38534.33
57295.56,36377.29
57393.63,32574.54
57498.51,29301.59
57550.95,27862.59
57603.38,26590.4
57708.26,24343.16
57813.13,22482.14
57918.01,20890.77
58022.88,19544.97
58127.75,18386.12
58232.62,17373.31
58332.73,16543.44
58432.84,15800.33
58633.05,14537.21
58733.16,14008.27
58833.26,13529.62
58933.37,13084.45
59033.47,12691.97
59233.68,11991.7
59433.89,11409.29
59634.1,10907.03
59834.31,10471.14
60015.46,10130.35
60196.6,9827.457
60558.89,9314.932
60921.18,8894.902
61283.46,8553.058
61645.75,8265.547
61826.9,8135.284
62008.04,8021.3
62370.33,7812.002
62732.61,7631.492
63094.9,7477.232
63457.19,7342.164
64181.76,7119.36
64906.34,6943.031
65630.91,6805.756
66355.49,6695.281
66717.78,6646.366
67080.06,6605.572
67804.64,6532.905
68529.21,6474.465
69139.38,6435.327
69749.55,6403.551
70321.59,6379.894
70893.62,6361.482
71465.66,6348.003
72037.69,6339.413
72323.71,6336.54
72609.73,6335.422
72895.75,6335.758
73181.76,6337.707
73467.78,6341.297
73753.79,6347.09
74039.81,6355.656
74325.82,6367.89
74497.43,6377.72
74669.04,6389.985
74840.65,6405.392
75012.26,6425.094
75098.07,6436.603
75183.87,6450.939
75269.68,6466.912
75355.48,6486.101
75441.29,6508.214
75527.09,6535.91
75612.9,6570.346
75698.7,6614.483
75755.91,6652.108
75813.11,6698.376
75870.31,6753.094
75927.51,6825.133
75984.72,6920.881
76013.32,6980.365
76041.92,7050.262
76070.52,7134.522
76099.12,7236.77
76127.72,7357.384
76156.32,7511.192
76177.78,7653.262
76199.23,7825.243
76220.68,8036.447
76242.13,8299.999
76263.58,8634.976
76274.31,8837.569
76285.03,9067.657
76295.76,9331.188
76306.48,9639.397
76317.21,10001.82
76327.93,10429.36
76339.26,10970.64
76350.58,11628.98
76361.9,12440.79
76373.22,13456.35
76378.89,14062.95
76384.55,14748.33
76390.21,15526.82
76395.87,16414.02
76401.53,17429.65
76407.19,18600.23
76412.85,19959.6
76418.51,21547.51
76425.08,23738.9
76431.65,26389.36
76438.22,29607.65
76444.78,33513.81
76451.35,38252.24
76457.92,43926.61
76464.49,50561.13
76471.05,57982.17
76478.29,66527.51
76485.53,74333.59
76489.15,77491.16
76492.77,79894.2
76496.39,81382.76
76500.0,81851.2
76503.45,81317.43
76506.9,79858.04
76513.8,74575.41
76520.7,67173.83
76527.6,58977.2
76534.5,51029.99
76541.4,43936.3
76548.3,37914.02
76555.2,32941.04
76559.87,30107.27
76564.54,27647.23
76569.21,25512.27
76573.88,23655.89
76578.55,22035.86
76583.22,20616.23
76587.89,19367.95
76592.55,18269.59
76601.89,16433.57
76611.23,14981.05
76620.57,13816.67
76629.9,12872.42
76638.72,12135.6
76647.54,11518.1
76656.36,10996.39
76665.18,10553.43
76674.0,10175.61
76682.82,9848.087
76700.45,9309.349
76718.09,8892.827
76735.73,8565.686
76753.37,8304.664
76771.0,8093.678
76789.68,7911.871
76808.35,7765.94
76845.7,7541.454
76883.05,7383.343
76920.4,7270.371
76957.75,7188.847
76995.1,7130.253
77069.8,7061.001
77136.2,7034.852
77202.6,7032.641
77293.9,7060.656
77385.2,7117.258
77476.5,7203.227
77567.8,7323.638
77659.1,7481.91
77750.4,7695.567
77796.05,7825.745
77841.7,7982.312
77887.35,8162.28
77933.0,8368.401
77978.65,8618.132
78024.3,8917.263
78069.95,9279.076
78115.6,9722.993
78161.25,10270.88
78206.9,10963.7
78229.73,11377.21
78252.55,11851.86
78275.38,12392.76
78298.2,13011.35
78325.18,13876.68
78352.15,14918.98
78379.13,16155.94
78406.1,17704.15
78433.08,19638.72
78446.57,20790.69
78460.05,22092.98
78473.54,23574.35
78487.03,25266.68
78500.52,27210.37
78514.0,29453.88
78530.6,32724.25
78547.2,36698.19
78563.8,41577.57
78580.4,47630.54
78597.0,55161.03
78605.3,59631.85
78613.6,64703.39
78621.9,70450.82
78630.2,76960.38
78638.5,84335.48
78646.8,92689.13
78659.7,107890.6
78672.6,126083.0
78685.5,147361.0
78698.4,171005.1
78711.3,195130.2
78724.2,217058.4
78737.1,232744.3
78743.55,237016.8
78750.0,238477.0
78758.19,236144.4
78766.38,229400.4
78774.57,218966.7
78782.76,205860.6
78815.52,146036.2
78831.9,120003.4
78840.09,108857.2
78848.28,98900.56
78856.47,90050.24
78864.66,82207.46
78872.85,75266.73
78881.03,69131.47
78889.36,63602.49
78897.69,58707.16
78906.02,54363.82
78914.35,50501.02
78931.01,43977.25
78947.67,38734.35
78964.33,34474.49
78980.99,30980.18
78997.65,28112.15
79014.31,25686.62
79029.59,23787.39
79044.86,22148.9
79060.13,20726.6
79075.4,19487.31
79090.67,18399.18
79105.94,17438.5
79136.48,15831.44
79167.03,14546.63
79197.57,13505.8
79228.11,12650.78
79258.65,11939.62
79287.81,11374.97
79316.96,10887.94
79346.12,10468.87
79375.27,10098.28
79404.43,9780.985
79433.58,9502.534
79462.73,9252.81
79491.88,9035.434
79550.19,8664.929
79608.5,8368.515
79666.81,8124.845
79725.11,7922.531
79780.65,7761.483
79836.18,7627.122
79891.71,7507.42
79947.24,7407.037
80002.78,7315.561
80058.31,7238.503
80169.37,7107.698
80280.44,7006.135
80391.5,6924.324
80502.56,6857.247
80613.62,6801.903
80724.69,6756.51
80835.75,6719.286
80946.81,6686.478
81057.87,6659.772
81168.94,6635.69
81280.0,6616.164
81391.06,6598.641
81502.12,6583.992
81546.55,6578.704
81570.85,6575.92
81583.0,6574.548
81595.15,6573.184
81607.3,6571.821
81613.38,6571.139
81619.45,6570.457
81625.53,6569.772
81628.57,6569.432
81631.6,6569.094
81634.64,6568.763
81637.67,6568.457
81639.19,6568.325
81640.71,6568.224
81642.23,6568.18
81642.99,6568.191
81643.74,6568.237
81644.35,6568.303
81644.96,6568.404
81645.57,6568.545
81646.17,6568.738
81646.78,6568.998
81647.39,6569.335
81648.0,6569.765
81648.6,6570.302
81649.21,6570.985
81649.82,6571.834
81650.43,6572.876
81651.03,6574.13
81651.64,6575.676
81652.25,6577.542
81652.86,6579.783
81653.46,6582.408
81654.07,6585.572
81654.68,6589.308
81655.29,6593.693
81655.89,6598.726
81656.5,6604.664
81657.11,6611.527
81657.72,6619.422
81658.32,6628.293
81658.93,6638.547
81659.54,6650.157
81660.15,6663.226
81660.75,6677.615
81661.36,6693.898
81661.96,6711.63
81662.57,6731.481
81663.17,6752.867
81664.22,6794.847
81665.26,6842.209
81666.3,6895.188
81667.34,6953.383
81669.42,7082.374
81671.5,7220.088
81673.41,7342.913
81675.32,7449.86
81676.36,7497.123
81677.4,7534.457
81678.53,7562.186
81679.22,7572.019
81679.63,7575.219
81679.87,7576.165
81680.0,7576.391
81680.25,7576.26
81680.58,7574.951
81681.05,7570.857
81682.0,7554.742
81683.8,7497.388
81685.34,7424.637
81687.58,7291.978
81689.81,7145.674
81692.22,6992.176
81693.42,6922.758
81694.62,6859.864
81695.83,6803.807
81697.03,6755.787
81697.63,6734.58
81698.23,6715.181
81698.83,6697.531
81699.43,6681.554
81700.12,6665.132
81700.81,6650.662
81701.5,6637.992
81702.18,6627.115
81702.87,6617.554
81703.56,6609.331
81704.25,6602.294
81704.93,6596.386
81705.62,6591.302
81706.31,6587.02
81707.0,6583.423
81707.68,6580.457
81708.37,6577.945
81709.06,6575.858
81709.75,6574.129
81710.43,6572.714
81711.12,6571.524
81711.81,6570.538
81712.5,6569.717
81713.18,6569.043
81713.87,6568.467
81714.56,6567.984
81715.25,6567.571
81715.93,6567.221
81716.62,6566.913
81717.31,6566.642
81718.68,6566.186
81720.06,6565.806
81721.43,6565.48
81723.54,6565.041
81725.65,6564.654
81729.86,6563.964
81734.07,6563.353
81738.28,6562.795
81746.7,6561.785
81755.12,6560.871
81763.54,6560.022
81771.96,6559.224
81788.8,6557.721
81805.65,6556.313
81822.49,6555.001
81856.17,6552.511
81966.16,6545.649
82076.15,6540.506
82296.13,6533.918
82516.11,6532.498
82736.08,6536.873
82912.06,6545.998
83088.04,6561.755
83308.02,6596.077
83418.01,6622.536
83528.0,6658.785
83637.99,6711.241
83692.99,6744.602
83747.98,6787.828
83802.98,6836.577
83857.97,6900.805
83912.97,6982.233
83967.96,7088.076
84006.46,7182.596
84044.96,7300.103
84083.46,7448.26
84102.71,7532.916
84121.95,7632.023
84141.2,7746.205
84160.45,7877.584
84179.7,8029.72
84198.94,8207.053
84218.19,8415.588
84237.44,8662.865
84256.69,8958.958
84275.93,9317.19
84292.43,9685.652
84308.93,10124.24
84325.43,10662.63
84341.92,11325.37
84358.42,12152.54
84374.92,13200.54
84383.17,13831.72
84391.42,14551.61
84399.67,15376.74
84407.91,16326.22
84418.23,17730.76
84428.54,19431.82
84438.85,21508.97
84449.16,24058.54
84459.48,27223.53
84469.79,31184.36
84480.1,36140.42
84490.41,42286.0
84497.86,47539.56
84505.31,53449.34
84520.21,66462.37
84527.66,72733.69
84535.11,78012.0
84542.56,81582.02
84550.0,82878.47
84554.74,82404.56
84559.47,80952.92
84568.94,75569.42
84578.41,68024.07
84587.87,59735.87
84597.34,51748.23
84606.81,44656.11
84616.28,38647.9
84625.74,33686.43
84631.83,30980.75
84637.91,28613.15
84644.0,26535.97
84650.08,24716.06
84656.17,23109.06
84662.25,21688.71
84674.42,19306.46
84686.59,17416.91
84698.76,15901.27
84710.93,14671.05
84723.1,13661.22
84733.25,12952.34
84743.39,12342.21
84753.53,11813.18
84763.67,11351.76
84773.81,10947.11
84783.95,10590.69
84804.23,9999.234
84824.52,9523.196
84844.8,9135.93
84865.08,8818.159
84885.36,8554.29
84908.35,8305.951
84931.34,8099.88
84954.33,7927.029
84977.31,7780.738
85000.3,7657.988
85023.28,7551.728
85046.27,7456.88
85069.25,7375.455
85115.22,7239.891
85161.19,7133.433
85207.16,7048.321
85253.13,6979.221
85304.51,6916.412
85355.89,6865.189
85458.65,6787.769
85561.41,6731.912
85664.17,6691.455
85766.93,6660.843
85869.69,6637.169
85972.45,6618.632
86075.21,6604.061
86161.75,6594.24
86269.92,6584.458
86378.09,6576.864
86486.26,6571.115
86594.43,6567.15
86645.81,6565.959
86697.19,6565.278
86748.57,6565.169
86799.95,6565.76
86851.33,6567.285
86902.71,6570.139
86928.4,6572.243
86954.09,6574.812
86979.78,6578.211
87005.47,6582.565
87028.46,6587.51
87051.45,6593.747
87074.44,6601.692
87097.42,6611.936
87120.41,6625.366
87131.9,6633.558
87143.39,6643.029
87154.89,6654.23
87166.38,6667.463
87177.87,6683.184
87189.36,6702.034
87200.86,6724.889
87212.35,6752.879
87223.85,6787.691
87235.34,6831.568
87241.09,6857.898
87246.84,6887.8
87252.59,6921.947
87258.33,6961.206
87264.08,7006.91
87269.82,7060.36
87275.57,7123.565
87281.31,7198.691
87287.06,7289.224
87292.81,7399.437
87298.56,7535.413
87304.3,7705.444
87307.18,7807.43
87310.05,7922.879
87312.92,8054.819
87315.79,8206.652
87318.67,8383.384
87321.54,8589.411
87324.41,8832.653
87327.28,9122.936
87330.5,9521.448
87333.71,10021.8
87335.32,10323.62
87336.92,10666.02
87338.53,11062.05
87340.13,11517.71
87341.74,12052.59
87343.34,12677.36
87344.95,13421.64
87346.55,14302.97
87348.16,15365.27
87349.76,16634.37
87351.37,18171.95
87352.97,20010.12
87354.83,22608.57
87356.69,25786.4
87358.55,29622.18
87360.41,34171.96
87362.27,39452.16
87364.13,45421.63
87367.84,58848.72
87372.23,74925.5
87374.43,81645.85
87376.62,86601.16
87378.31,88916.99
87380.0,89751.68
87381.4,89280.83
87382.8,87777.65
87384.2,85309.72
87385.6,81984.7
87388.4,73342.65
87391.2,63157.97
87394.26,51793.24
87397.31,41481.75
87398.84,36941.66
87400.36,32909.5
87401.89,29339.17
87403.41,26261.39
87404.87,23715.77
87406.33,21535.16
87407.79,19678.41
87409.24,18113.47
87410.7,16778.63
87412.16,15648.47
87413.62,14689.88
87415.07,13879.33
87416.53,13181.38
87417.99,12581.66
87419.45,12063.32
87420.9,11615.45
87422.36,11220.68
87423.81,10875.42
87426.72,10295.17
87429.5,9849.313
87432.27,9483.903
87435.05,9177.929
87437.82,8920.429
87440.6,8699.821
87443.37,8510.443
87446.15,8345.371
87448.92,8201.514
87454.47,7962.4
87460.02,7773.286
87465.57,7620.997
87471.12,7496.478
87476.4,7397.935
87481.67,7314.851
87486.94,7243.939
87492.21,7182.814
87497.49,7129.553
87502.76,7083.009
87508.03,7042.035
87513.3,7005.793
87523.85,6944.786
87534.39,6895.804
87544.93,6855.812
87555.47,6822.708
87566.02,6794.97
87576.56,6771.598
87587.11,6751.724
87597.65,6734.514
87608.2,6719.456
87618.74,6706.291
87639.83,6684.478
87660.92,6667.26
87682.01,6653.42
87703.1,6642.117
87724.18,6632.766
87741.94,6626.084
87759.7,6620.288
87777.46,6615.278
87812.98,6606.951
87848.49,6600.356
87884.01,6595.089
87919.52,6590.827
87972.8,6585.857
88026.07,6582.116
88079.35,6579.344
88132.62,6577.178
88185.9,6575.485
88239.17,6574.216
88310.21,6573.067
88381.24,6572.37
88452.27,6572.034
88523.3,6572.002
88700.89,6572.86
88878.47,6574.763
89056.06,6577.562
89233.64,6581.216
89411.23,6585.883
89588.81,6591.618
89766.4,6598.657
89943.98,6607.446
90121.57,6619.019
90210.36,6625.921
90299.15,6634.342
90387.94,6643.699
90476.73,6655.234
90565.52,6668.476
90654.31,6684.948
90734.23,6703.173
90814.14,6725.558
90894.05,6753.372
90973.96,6788.427
91013.92,6808.894
91053.88,6833.365
91093.84,6860.477
91133.79,6892.107
91173.75,6927.635
91213.7,6970.085
91253.66,7019.999
91293.61,7079.174
91335.79,7154.425
91377.97,7246.444
91420.15,7360.132
91462.32,7502.487
91504.5,7684.177
91546.67,7921.106
91567.76,8066.839
91588.85,8231.903
91609.94,8428.368
91631.02,8659.759
91654.33,8966.333
91677.64,9340.969
91700.95,9804.61
91724.25,10386.43
91735.91,10734.51
91747.56,11129.06
91759.22,11579.11
91770.87,12094.18
91782.53,12687.94
91794.18,13373.9
91805.83,14166.95
91817.48,15093.92
91829.69,16253.08
91841.9,17646.39
91854.11,19331.39
91866.32,21385.45
91878.53,23908.76
91890.74,27029.03
91902.95,30904.08
91915.15,35711.86
91925.76,40794.62
91936.37,46805.27
91946.98,53730.9
91957.58,61324.53
91968.19,69027.41
91978.79,75936.88
91989.4,80939.14
91994.7,82385.38
92000.0,83009.61
92006.89,82545.55
92013.77,80707.5
92020.65,77689.03
92027.53,73772.47
92055.05,54963.38
92068.82,46476.74
92075.7,42774.32
92082.58,39434.51
92089.46,36441.48
92096.34,33771.08
92103.22,31394.16
92110.1,29280.08
92117.5,27265.66
92124.89,25489.09
92132.28,23917.02
92139.67,22522.62
92154.45,20176.63
92169.23,18300.28
92184.01,16782.09
92198.79,15539.79
92213.57,14512.39
92228.35,13655.5
92242.46,12969.22
92256.57,12378.78
92270.68,11865.35
92284.79,11419.11
92298.9,11029.76
92313.01,10687.75
92327.12,10385.63
92341.22,10117.96
92369.44,9665.267
92397.66,9299.893
92425.88,9000.56
92454.09,8752.275
92480.97,8553.11
92507.84,8386.276
92534.72,8239.153
92561.59,8112.907
92588.47,8000.333
92615.34,7903.235
92669.08,7739.827
92722.83,7610.582
92776.58,7506.0
92830.33,7419.755
92884.07,7348.073
92940.51,7286.177
92996.94,7233.412
93053.38,7188.782
93109.81,7149.131
93166.25,7116.057
93222.68,7087.235
93279.12,7061.279
93335.55,7039.258
93448.42,7001.809
93561.29,6972.616
93674.16,6948.949
93787.02,6929.692
93916.02,6912.601
94045.01,6898.544
94174.0,6887.009
94302.99,6877.685
94560.98,6864.969
94818.96,6856.926
95076.95,6853.133
95205.95,6852.335
95334.94,6852.252
95463.94,6853.122
95592.93,6854.745
95721.92,6857.153
95850.91,6860.453
95958.41,6864.284
96065.9,6869.18
96173.4,6875.383
96280.89,6883.343
96388.39,6893.912
96442.14,6900.275
96495.88,6907.965
96549.63,6916.533
96603.37,6926.938
96657.12,6938.826
96710.86,6953.402
96764.61,6971.149
96818.36,6992.919
96872.11,7019.865
96925.85,7053.906
96979.6,7097.997
97006.48,7124.665
97033.35,7155.987
97060.23,7191.585
97087.1,7233.59
97113.97,7281.862
97140.84,7340.388
97167.72,7410.704
97194.59,7496.001
97221.47,7600.83
97248.34,7731.432
97275.22,7896.965
97288.66,7996.693
97302.09,8110.578
97315.53,8241.288
97328.96,8391.179
97342.4,8564.363
97355.83,8768.895
97370.61,9038.099
97385.39,9365.423
97400.17,9768.515
97414.95,10272.23
97429.73,10912.38
97437.12,11299.27
97444.51,11741.96
97451.9,12251.38
97459.29,12840.67
97466.68,13525.92
97474.07,14328.97
97481.47,15282.18
97488.86,16423.42
97496.25,17804.82
97503.64,19494.05
97511.03,21584.48
97518.42,24206.2
97522.12,25773.04
97525.81,27542.05
97529.51,29557.77
97533.2,31850.7
97536.7,34330.93
97540.19,37149.55
97543.68,40369.37
97547.17,44054.02
97550.66,48273.94
97554.15,53103.97
97557.64,58618.79
97561.13,64884.75
97564.63,71969.1
97568.12,79838.57
97575.1,97687.2
97582.08,116861.4
97589.06,134026.6
97594.53,143242.8
97597.27,145797.0
97600.0,146772.3
97602.99,145987.0
97605.97,143333.8
97608.95,138987.6
97611.93,133216.9
97617.9,118717.6
97623.86,102610.4
97629.83,87039.82
97635.79,73320.81
97641.76,61840.51
97644.74,56942.26
97647.72,52553.75
97650.91,48371.62
97654.09,44678.89
97657.28,41397.74
97660.46,38497.85
97663.65,35914.57
97666.83,33622.9
97673.19,29749.19
97679.56,26628.56
97685.92,24095.19
97692.29,22010.72
97698.65,20284.49
97704.73,18896.91
97710.81,17713.89
97716.89,16695.98
97722.97,15813.9
97729.05,15045.39
97735.13,14372.5
97741.21,13780.36
97747.28,13257.48
97759.44,12376.65
97771.59,11669.97
97783.75,11093.53
97795.9,10618.06
97807.48,10239.15
97819.06,9918.795
97830.64,9642.574
97842.21,9402.377
97853.79,9192.908
97865.36,9009.693
97876.94,8848.194
97888.51,8705.335
97911.67,8464.467
97934.82,8270.624
97957.97,8112.158
97981.12,7980.902
98003.12,7875.955
98025.11,7786.561
98047.11,7711.018
98069.1,7644.019
98091.1,7585.862
98113.09,7534.095
98157.08,7448.708
98201.07,7380.864
98245.06,7325.934
98289.05,7280.845
98333.04,7243.461
98377.03,7212.157
98421.02,7185.661
98465.01,7163.583
98509.0,7143.793
98596.98,7112.026
98684.96,7087.926
98772.94,7069.089
98860.92,7054.119
98948.9,7042.116
99036.87,7032.481
99157.27,7022.315
99277.66,7014.678
99398.05,7008.862
99518.44,7004.683
99638.83,7001.58
99759.22,6999.358
99879.61,6997.872
100000.0,6997.021
100218.7,6996.759
100437.4,6997.673
100656.1,6999.427
100874.8,7001.751
100962.3,7002.761
101041.6,7003.652
101081.3,7004.063
101120.9,7004.426
101160.6,7004.727
101180.4,7004.828
101200.2,7004.89
101220.1,7004.891
101239.9,7004.82
101249.8,7004.746
101259.7,7004.637
101269.6,7004.488
101279.5,7004.284
101287.7,7004.07
101295.9,7003.799
101304.1,7003.464
101312.3,7003.037
101316.4,7002.785
101320.5,7002.496
101324.6,7002.173
101328.7,7001.803
101332.8,7001.381
101336.9,7000.898
101341.0,7000.338
101345.0,6999.706
101348.3,6999.105
101350.0,6998.764
101351.6,6998.427
101353.3,6998.05
101354.9,6997.682
101356.5,6997.313
101357.3,6997.135
101358.1,6996.967
101359.0,6996.795
101359.8,6996.666
101360.6,6996.568
101361.4,6996.513
101362.2,6996.518
101363.0,6996.602
101363.8,6996.789
101364.6,6997.105
101365.1,6997.384
101365.5,6997.664
101366.3,6998.389
101367.1,6999.385
101367.9,7000.714
101368.7,7002.454
101369.5,7004.69
101370.3,7007.519
101371.1,7011.062
101371.6,7013.693
101372.0,7016.055
101372.8,7021.552
101373.7,7029.134
101374.5,7037.309
101375.4,7048.362
101376.2,7060.052
101377.1,7075.565
101377.9,7091.681
101378.8,7112.68
101379.6,7134.107
101380.5,7161.537
101381.3,7189.023
101382.2,7223.572
101383.0,7257.572
101384.7,7340.026
101386.5,7441.416
101388.3,7554.432
101391.9,7794.303
101393.8,7912.643
101395.6,8008.209
101397.7,8089.132
101398.8,8115.371
101399.4,8124.55
101400.0,8129.987
101400.1,8130.528
101400.4,8131.514
101400.6,8131.642
101401.2,8129.513
101402.3,8115.907
101403.4,8090.248
101404.5,8053.465
101406.3,7972.724
101408.0,7878.62
101410.3,7735.792
101412.8,7577.467
101414.1,7499.491
101415.3,7432.249
101416.6,7365.684
101417.8,7310.668
101419.1,7258.33
101420.3,7216.672
101421.4,7183.861
101422.5,7155.849
101423.1,7142.446
101423.6,7132.219
101424.2,7121.011
101424.7,7112.509
101425.3,7103.24
101425.8,7096.243
101426.4,7088.654
101426.9,7082.948
101427.5,7076.788
101428.0,7072.173
101428.6,7067.212
101429.1,7063.506
101429.7,7059.533
101430.2,7056.574
101430.8,7053.405
101431.3,7051.051
101431.9,7048.533
101432.4,7046.661
101433.0,7044.659
101433.5,7043.171
101434.1,7041.575
101434.6,7040.386
101435.2,7039.109
101435.7,7038.152
101436.3,7037.119
101436.8,7036.344
101437.3,7035.637
101437.8,7034.987
101438.4,7034.279
101439.0,7033.639
101439.6,7033.052
101440.2,7032.517
101441.4,7031.572
101442.5,7030.823
101443.7,7030.101
101444.9,7029.462
101446.1,7028.888
101447.2,7028.407
101449.6,7027.476
101451.9,7026.709
101454.2,7026.031
101456.5,7025.428
101458.9,7024.867
101461.2,7024.382
101465.9,7023.529
101470.6,7022.819
101475.2,7022.234
101481.1,7021.612
101487.0,7021.101
101492.9,7020.678
101498.7,7020.33
101504.6,7020.032
101510.4,7019.786
101522.1,7019.397
101533.8,7019.125
101545.5,7018.94
101557.2,7018.822
101568.9,7018.751
101591.8,7018.728
101614.6,7018.812
101637.4,7018.98
101660.2,7019.195
101705.8,7019.748
101751.4,7020.416
101842.6,7021.965
101933.8,7023.715
102025.1,7025.527
102116.3,7027.443
102298.7,7031.441
102570.1,7037.743
102841.5,7044.457
103384.2,7058.171
103927.0,7072.51
104469.7,7087.289
105012.5,7102.409
105555.2,7117.995
106098.0,7133.418
106640.7,7149.23
107726.2,7180.923
108811.7,7212.851
109897.2,7244.837
110982.6,7275.975
112554.8,7320.603
113340.9,7342.597
114126.9,7364.338
114520.0,7375.091
114913.0,7385.752
115306.0,7396.325
115699.0,7406.802
116092.1,7417.187
116485.1,7427.495
116681.6,7432.628
116878.1,7437.765
117271.1,7448.071
117570.5,7456.064
117757.7,7461.206
117944.9,7466.523
118132.1,7472.097
118319.2,7478.073
118506.4,7484.749
118600.0,7488.385
118693.5,7492.439
118787.1,7496.76
118880.7,7501.694
118974.3,7507.12
119067.8,7513.473
119156.7,7520.595
119245.6,7529.069
119334.5,7539.303
119423.4,7551.893
119512.3,7567.78
119601.2,7588.534
119690.1,7615.824
119734.6,7633.123
119779.0,7653.523
119828.2,7680.806
119877.3,7714.236
119926.4,7755.833
119975.5,7808.681
120000.1,7840.425
120024.7,7876.943
120049.3,7918.565
120073.8,7966.331
120098.4,8022.49
120122.9,8087.337
120147.5,8163.505
120172.0,8252.744
120197.8,8367.453
120223.5,8507.26
120249.2,8680.425
120274.9,8898.124
120287.8,9028.975
120300.7,9177.694
120313.6,9347.614
120326.4,9541.22
120339.3,9766.639
120352.1,10026.73
120365.0,10332.88
120377.8,10688.7
120390.7,11115.92
120403.6,11633.01
120416.5,12263.46
120429.3,13034.15
120442.2,14004.61
120455.1,15238.07
120461.6,15989.36
120468.0,16835.16
120474.4,17806.26
120480.8,18927.0
120488.4,20493.89
120496.0,22379.76
120503.6,24675.8
120511.2,27506.86
120518.8,31038.06
120526.4,35488.15
120530.2,38145.55
120534.0,41148.54
120537.8,44547.03
120541.6,48396.11
120548.4,56593.76
120555.2,66748.36
120562.0,79073.15
120568.7,93233.62
120582.2,124257.4
120589.0,137357.7
120592.4,142193.8
120595.7,145440.0
120600.0,147245.2
120603.1,146759.2
120606.2,144802.6
120612.4,136964.3
120618.6,125223.8
120624.8,111475.8
120631.0,97441.85
120637.2,84330.2
120643.4,72775.84
120649.6,62964.33
120653.7,57397.55
120657.8,52497.94
120661.9,48195.66
120665.9,44505.42
120670.0,41175.77
120674.1,38243.21
120678.2,35653.59
120682.2,33413.21
120690.4,29552.93
120698.5,26508.66
120706.6,24046.13
120714.7,22030.96
120721.5,20611.13
120728.3,19391.22
120735.1,18335.99
120741.9,17417.6
120748.7,16614.04
120755.5,15907.82
120769.0,14738.6
120782.6,13796.73
120796.1,13035.23
120809.7,12404.51
120823.2,11884.07
120835.0,11497.57
120846.7,11165.53
120858.5,10873.39
120870.2,10619.17
120882.0,10392.85
120893.7,10193.75
120917.2,9855.765
120940.7,9582.941
120964.2,9361.664
120987.7,9175.159
121011.1,9018.725
121034.6,8885.438
121058.1,8771.287
121081.6,8672.672
121105.1,8586.877
121128.6,8511.776
121152.1,8445.673
121199.1,8335.033
121246.1,8246.54
121293.1,8176.109
121340.1,8116.149
121387.1,8066.403
121434.1,8024.792
121481.1,7989.366
121528.1,7958.778
121575.1,7932.202
121622.1,7909.093
121669.1,7888.99
121763.0,7855.705
121857.0,7829.225
121904.0,7818.128
121951.0,7808.672
122045.0,7791.236
122138.9,7777.059
122247.4,7763.903
122355.8,7753.308
122464.3,7744.7
122572.7,7737.686
122681.2,7731.958
122789.6,7727.293
122898.0,7723.506
123006.4,7720.627
123223.3,7716.231
123440.1,7713.708
123657.0,7712.574
123873.8,7712.514
124191.9,7713.935
124510.0,7716.511
124828.1,7720.022
125146.1,7724.294
125782.3,7734.011
126418.4,7745.055
127054.6,7756.758
127690.7,7769.002
128008.8,7775.077
128326.8,7781.321
128962.9,7793.703
129656.9,7807.254
130350.9,7820.702
130697.9,7827.409
131044.9,7834.12
131391.9,7840.864
131738.8,7847.677
131984.6,7852.653
132230.4,7857.816
132476.2,7863.275
132722.0,7869.209
132844.9,7872.412
132967.8,7875.9
133090.7,7879.588
133213.6,7883.552
133336.5,7888.041
133459.4,7893.166
133582.3,7899.134
133705.1,7906.227
133813.6,7913.757
133922.0,7922.882
134030.5,7934.177
134138.9,7948.434
134193.2,7956.69
134247.4,7966.398
134301.6,7977.55
134355.8,7990.45
134410.0,8005.489
134464.2,8023.151
134518.4,8044.091
134572.6,8069.149
134626.9,8099.519
134681.1,8136.622
134735.3,8182.611
134789.5,8240.398
134816.7,8273.968
134843.8,8312.907
134870.9,8357.376
134898.0,8408.346
134925.1,8467.1
134952.2,8535.255
134979.3,8614.858
135006.4,8708.525
135035.4,8828.217
135064.3,8972.924
135093.2,9150.503
135122.1,9371.331
135151.0,9647.462
135165.5,9813.131
135179.9,10002.01
135194.4,10220.0
135208.8,10469.18
135223.3,10759.73
135237.7,11096.08
135254.9,11575.39
135272.1,12162.34
135289.3,12890.19
135306.4,13799.6
135315.0,14346.56
135323.6,14967.15
135332.2,15673.81
135340.7,16470.64
135349.3,17393.72
135357.9,18458.96
135366.5,19698.76
135375.0,21131.82
135385.0,23138.05
135395.0,25569.5
135405.0,28529.33
135415.0,32139.84
135425.0,36534.6
135435.0,41836.09
135445.0,48104.88
135455.0,55243.87
135466.3,63864.52
135477.5,71929.1
135483.2,75363.73
135488.8,78019.9
135494.4,79783.74
135500.0,80530.18
135505.3,80253.17
135510.6,79045.34
135521.1,74297.13
135531.6,67427.93
135542.1,59731.55
135552.6,52220.78
135563.1,45478.85
135573.6,39719.9
135584.1,34931.6
135590.9,32296.8
135597.7,29984.29
135604.5,27955.73
135611.2,26197.82
135618.0,24622.96
135624.8,23228.88
135631.6,21991.49
135638.3,20906.35
135651.9,19046.08
135665.4,17561.74
135679.0,16345.28
135692.5,15351.9
135703.8,14650.3
135715.1,14044.68
135726.4,13518.56
135737.7,13058.82
135749.0,12654.91
135760.3,12298.56
135782.8,11706.95
135805.4,11227.5
135827.9,10837.0
135850.5,10513.67
135873.0,10245.18
135892.6,10045.89
135912.2,9872.851
135931.8,9721.565
135951.3,9589.186
135990.4,9367.425
136029.5,9190.623
136068.6,9047.302
136107.7,8931.416
136146.8,8832.418
136185.9,8749.29
136225.1,8678.742
136264.2,8618.385
136303.3,8565.993
136342.4,8520.228
136381.5,8480.147
136420.6,8444.93
136498.8,8385.947
136577.0,8338.523
136655.2,8300.952
136733.4,8268.727
136811.6,8242.013
136901.9,8216.577
136992.2,8195.478
137082.5,8177.782
137172.7,8162.819
137263.0,8150.038
137353.2,8139.079
137443.5,8129.611
137533.7,8121.687
137714.2,8108.175
137894.7,8097.83
138075.2,8089.853
138255.7,8083.691
138520.5,8077.187
138785.2,8072.655
139050.0,8069.697
139314.7,8068.032
139579.5,8067.097
139844.2,8066.719
140373.6,8067.71
140903.1,8069.919
141432.6,8073.166
141962.1,8076.709
142491.5,8080.531
143165.4,8085.736
143839.3,8090.988
145187.0,8100.797
146534.8,8109.269
147882.5,8114.894
150578.1,8118.072
153273.6,8108.399
155969.2,8082.363
157317.0,8064.412
158664.7,8038.915
160012.5,8005.984
161360.3,7965.036
162708.1,7914.313
164055.8,7853.201
165403.6,7779.888
166751.4,7692.123
168099.2,7587.082
169446.9,7461.12
170409.6,7353.063
171372.3,7228.966
172335.0,7086.001
173297.7,6920.396
174260.4,6722.753
174741.8,6612.738
175223.1,6489.756
175704.5,6359.193
176185.8,6212.836
176667.2,6055.57
177148.5,5880.225
177654.0,5673.07
178159.4,5442.428
178664.8,5184.807
179170.2,4890.563
179423.0,4730.766
179675.7,4556.792
179928.4,4373.929
180181.1,4178.311
180686.5,3740.621
180939.2,3498.448
181191.9,3240.294
181444.6,2959.782
181697.3,2659.884
181950.0,2340.402
182202.7,1999.311
182329.1,1822.484
182455.4,1640.903
182708.1,1270.945
182960.8,900.8491
183087.2,721.3213
183213.5,550.7049
183339.9,397.3035
183403.1,327.607
183466.2,265.9326
183497.8,238.2845
183529.4,213.209
183561.0,190.6042
183592.6,170.7882
183624.2,153.9957
183655.8,140.9426
183687.4,131.6867
183718.9,126.5866
183743.0,125.6997
183759.6,126.7143
183776.1,129.1074
183792.7,132.9751
183809.2,138.3382
183825.8,145.332
183842.3,153.9454
183858.9,164.3616
183875.4,176.5363
183892.0,190.7029
183908.5,206.7777
183941.6,245.3905
183974.7,293.1644
184007.8,350.9675
184027.4,390.3034
184047.0,433.6971
184086.1,533.2698
184125.2,651.7851
184164.3,791.3583
184203.4,954.4364
184242.5,1146.323
184281.6,1364.228
184320.7,1614.249
184353.8,1854.764
184386.9,2122.924
184420.0,2420.209
184453.1,2752.595
184486.2,3121.899
184519.3,3528.674
184552.4,3980.402
184585.4,4479.404
184618.5,5028.37
184651.6,5634.123
184717.7,7033.492
184750.8,7836.172
184783.9,8720.289
184850.0,10731.04
184896.9,12386.63
184943.8,14250.38
184990.7,16338.07
185037.5,18658.38
185084.4,21231.27
185131.3,24070.11
185225.0,30455.84
185318.8,37649.77
185412.5,45269.97
185506.3,52734.45
185600.0,59315.09
185670.4,63223.29
185740.7,66091.95
185811.0,67989.89
185881.3,68835.81
185955.1,68603.64
186028.8,67574.11
186176.3,63978.02
186323.8,59295.97
186471.2,54506.31
186618.7,50050.74
186692.4,47981.71
186766.1,46076.18
186839.9,44253.7
186913.6,42587.13
187061.0,39567.22
187149.9,37969.68
187238.8,36501.25
187327.7,35142.83
187416.5,33895.86
187594.2,31720.33
187771.9,29847.33
187949.7,28257.05
188127.4,26868.88
188305.1,25687.27
188482.8,24614.42
188645.8,23772.36
188808.7,23001.51
188971.6,22294.7
189134.5,21675.42
189460.3,20579.65
189786.1,19671.77
190112.0,18891.61
190437.8,18228.5
190763.6,17653.58
191089.4,17147.75
191444.9,16673.04
191800.4,16256.24
192067.0,15986.1
192333.6,15750.15
192466.9,15648.32
192600.2,15559.68
192733.5,15488.11
192866.8,15440.42
192937.2,15428.78
193007.5,15430.21
193077.9,15448.11
193148.2,15487.93
193218.6,15558.43
193288.9,15673.14
193324.1,15753.13
193359.2,15848.52
193394.4,15971.22
193429.5,16124.04
193464.7,16316.12
193499.9,16558.48
193535.1,16867.05
193570.3,17264.45
193605.5,17783.68
193623.1,18103.65
193640.7,18473.84
193658.3,18901.87
193675.9,19399.26
193693.5,19990.98
193711.0,20692.82
193730.5,21640.15
193749.9,22805.3
193769.3,24263.54
193788.7,26115.08
193798.5,27243.42
193808.2,28518.23
193817.9,29979.01
193827.6,31660.37
193837.3,33603.22
193847.0,35856.1
193856.7,38481.27
193866.4,41562.64
193876.9,45533.94
193887.3,50265.91
193897.7,55964.68
193908.1,62826.87
193918.6,71144.69
193929.0,80933.28
193939.4,92318.52
193949.8,105098.1
193962.4,121525.9
193974.9,136867.3
193981.2,143343.9
193987.5,148462.1
193993.8,151884.4
194000.0,153367.5
194006.1,152910.4
194012.2,150601.9
194018.3,146618.4
194024.4,141236.0
194036.6,127630.7
194048.7,112586.5
194060.9,97902.54
194073.0,84942.92
194085.2,73871.76
194097.3,64805.34
194104.9,59976.53
194112.5,55729.95
194120.1,51995.59
194127.6,48749.93
194135.2,45848.97
194142.7,43317.29
194157.8,39033.46
194173.0,35580.37
194188.1,32805.85
194203.2,30538.07
194218.3,28664.21
194231.6,27272.3
194244.8,26084.35
194258.1,25047.76
194271.3,24151.02
194284.6,23358.74
194297.8,22665.44
194324.2,21504.33
194350.7,20579.33
194377.1,19821.83
194403.6,19191.65
194430.0,18666.87
194456.5,18221.41
194483.0,17840.85
194509.5,17512.71
194535.9,17228.28
194562.4,16977.99
194588.9,16757.04
194641.8,16385.92
194694.8,16090.38
194747.7,15841.58
194800.6,15633.19
194853.5,15456.17
194910.3,15293.06
194967.0,15152.09
195023.7,15028.51
195080.4,14918.97
195137.1,14820.9
195193.8,14732.34
195250.5,14651.74
195307.2,14579.34
195420.7,14447.17
195534.1,14332.55
195647.5,14231.25
195760.9,14140.34
195957.5,14001.83
196154.1,13882.13
196252.4,13824.61
196350.7,13773.32
196547.3,13674.32
196743.9,13583.29
196940.5,13499.76
197333.7,13348.35
197726.9,13214.74
197923.5,13149.89
198120.1,13091.62
198513.3,12978.63
198906.4,12874.38
199571.9,12716.77
199904.6,12643.47
200237.3,12577.93
200902.7,12448.0
201568.1,12333.96
202898.9,12129.52
204229.7,11956.2
205560.6,11803.1
206891.4,11668.21
208222.2,11548.34
209553.0,11434.21
211488.8,11285.9
213424.5,11149.22
215481.3,11011.93
216509.7,10944.95
217538.0,10878.42
218566.4,10811.86
219080.6,10778.44
219594.8,10744.88
220109.0,10711.14
220623.2,10677.0
221137.4,10642.98
221394.5,10626.12
221651.5,10609.51
221954.0,10590.51
222105.2,10581.29
222256.4,10572.5
222407.7,10563.99
222558.9,10556.17
222861.3,10542.79
223005.0,10538.31
223148.7,10535.66
223292.4,10535.45
223436.0,10538.68
223579.7,10546.96
223723.4,10563.3
223867.1,10591.16
223938.9,10611.9
224010.7,10638.93
224078.8,10672.26
224146.8,10715.47
224214.9,10772.08
224282.9,10846.84
224317.0,10892.78
224351.0,10947.3
224385.0,11010.26
224419.0,11084.32
224453.0,11169.81
224487.0,11274.19
224521.0,11399.86
224555.0,11552.41
224587.2,11728.56
224619.3,11943.76
224651.5,12211.48
224683.6,12547.01
224715.8,12976.07
224747.9,13525.32
224764.0,13865.73
224780.1,14261.45
224796.2,14723.14
224812.2,15261.68
224831.1,16026.0
224850.0,16968.61
224868.9,18146.51
224887.8,19640.44
224897.3,20545.66
224906.7,21567.23
224916.2,22749.97
224925.6,24095.97
224935.1,25666.91
224944.5,27471.62
224954.0,29605.3
224963.4,32094.51
224973.8,35390.39
224984.2,39391.72
224994.6,44272.87
225005.0,50246.74
225015.4,57557.82
225025.8,66454.62
225036.2,77123.1
225046.6,89556.45
225073.3,125218.7
225080.0,132995.6
225086.7,139275.8
225093.4,143566.4
225100.0,145501.8
225105.5,145264.9
225111.0,143375.6
225122.0,135260.3
225133.0,123053.5
225143.9,109173.1
225154.9,95252.68
225165.8,82696.53
225176.8,71766.59
225187.7,62706.49
225194.4,57940.95
225201.0,53779.29
225207.7,50037.57
225214.3,46772.78
225221.0,43833.82
225227.6,41261.26
225240.9,36882.98
225254.2,33359.54
225267.5,30494.39
225280.8,28143.26
225294.1,26195.13
225305.8,24746.79
225317.4,23509.89
225329.1,22428.2
225340.7,21492.74
225352.4,20665.07
225364.0,19941.55
225387.2,18731.18
225410.5,17766.09
225433.8,16978.34
225457.1,16328.34
225480.3,15790.71
225503.6,15337.89
225526.9,14955.07
225550.2,14629.05
225573.4,14350.81
225596.7,14110.1
225620.0,13901.96
225666.5,13565.2
225713.1,13314.91
225759.6,13121.52
225806.1,12978.22
225852.6,12876.54
225905.8,12803.55
225959.0,12771.69
226012.1,12778.35
226075.3,12836.59
226138.5,12953.36
226201.7,13136.97
226264.8,13401.94
226328.0,13774.09
226359.6,14014.08
226391.1,14291.87
226422.7,14622.6
226454.3,15004.95
226485.9,15469.88
226517.4,16026.12
226552.3,16777.63
226587.2,17712.19
226622.1,18887.89
226657.0,20386.54
226674.5,21294.2
226691.9,22324.07
226709.4,23510.45
226726.8,24866.59
226744.3,26440.28
226761.7,28248.15
226779.2,30343.97
226796.6,32761.01
226822.1,37069.5
226847.5,42428.56
226872.9,48883.4
226898.3,56483.1
226949.2,72758.23
226961.9,76113.71
226974.6,78752.19
226987.3,80467.98
227000.0,81118.41
227014.7,80476.47
227029.4,78422.01
227044.1,75190.53
227058.8,71114.48
227117.5,52646.83
227132.2,48521.08
227146.9,44778.54
227161.6,41409.81
227176.3,38401.92
227191.0,35733.76
227205.7,33374.6
227220.4,31290.66
227235.0,29461.04
227251.9,27603.3
227268.7,25994.66
227285.6,24580.81
227302.4,23348.67
227319.3,22258.11
227336.1,21300.88
227369.7,19696.95
227403.4,18414.74
227437.1,17379.19
227470.8,16532.24
227504.4,15833.64
227536.6,15278.66
227568.7,14803.87
227600.9,14392.87
227633.0,14036.56
227665.2,13727.77
227697.3,13458.1
227729.4,13219.39
227761.5,13009.32
227825.8,12653.38
227890.0,12367.53
227954.3,12132.56
228018.5,11937.36
228085.9,11765.9
228153.2,11624.59
228220.6,11498.05
228287.9,11392.06
228422.6,11215.76
228557.2,11079.35
228691.9,10968.24
228826.5,10877.57
228961.2,10803.06
229095.8,10736.12
229291.7,10655.98
229487.6,10588.89
229683.5,10531.35
229879.3,10481.02
230075.2,10436.21
230271.1,10395.78
230467.0,10358.93
230662.8,10325.16
230907.7,10286.96
231152.5,10252.99
231275.0,10237.52
231397.4,10223.8
231642.2,10201.31
231758.5,10194.31
231874.8,10190.69
231991.1,10191.46
232107.4,10198.29
232223.7,10213.89
232340.0,10243.01
232456.3,10291.18
232514.5,10326.45
232572.6,10371.71
232627.7,10426.64
232682.8,10496.83
232737.9,10587.1
232793.0,10704.26
232848.1,10858.18
232875.7,10953.37
232903.2,11062.87
232930.8,11188.74
232958.3,11338.3
232985.8,11515.03
233013.3,11724.84
233044.0,12008.13
233074.6,12356.47
233105.2,12791.16
233135.8,13340.89
233166.4,14046.69
233181.7,14475.84
233197.0,14968.39
233212.3,15535.48
233227.6,16189.03
233242.9,16948.41
233258.2,17842.66
233275.1,19022.73
233291.9,20442.12
233308.7,22170.88
233325.5,24291.71
233342.4,26927.49
233359.2,30178.8
233376.0,34213.7
233392.8,39193.22
233406.2,43929.64
233419.6,49362.81
233446.4,61759.49
233459.8,67993.02
233473.2,73468.95
233486.6,77464.24
233500.0,79362.46
233508.7,79319.35
233517.4,78284.0
233526.1,76353.02
233534.8,73680.59
233552.2,66864.64
233569.6,59288.74
233587.0,52013.35
233604.4,45583.11
233621.8,40155.31
233639.1,35701.25
233648.8,33567.07
233658.4,31679.96
233668.1,29975.8
233677.7,28466.9
233697.0,25887.35
233716.3,23803.78
233735.6,22108.14
233754.9,20703.74
233774.2,19528.95
233793.5,18541.23
233811.5,17756.44
233829.4,17082.67
233847.3,16496.88
233865.2,15984.51
233883.1,15533.75
233901.0,15135.11
233936.8,14464.43
233972.7,13924.35
234008.5,13490.2
234044.3,13124.51
234080.1,12817.64
234116.0,12557.23
234151.8,12334.99
234187.6,12142.86
234223.4,11975.48
234259.3,11828.36
234295.1,11698.99
234366.7,11481.41
234438.4,11305.56
234510.0,11164.28
234581.6,11042.46
234653.2,10939.91
234741.4,10833.75
234829.6,10744.4
234917.8,10668.09
235006.0,10602.03
235094.2,10544.19
235182.4,10493.15
235358.7,10406.36
235535.1,10334.62
235711.4,10273.9
235887.8,10221.26
236064.1,10174.76
236372.8,10104.29
236681.4,10043.93
236990.0,9989.49
237298.6,9939.678
237607.3,9893.255
237915.9,9849.375
238533.1,9766.874
239040.2,9702.944
239547.2,9640.295
240054.3,9578.597
240561.3,9518.04
241068.4,9458.55
241321.9,9429.404
241575.4,9401.206
241829.0,9374.058
242082.5,9348.098
242336.0,9325.201
242589.5,9306.315
242765.9,9297.241
242942.2,9293.053
243080.0,9295.01
243217.8,9303.216
243355.6,9317.687
243493.3,9345.172
243562.2,9364.7
243631.1,9389.776
243700.0,9421.586
243768.9,9461.105
243837.8,9510.045
243906.7,9571.843
243975.6,9651.404
244044.4,9748.821
244105.1,9860.154
244165.7,9999.949
244226.3,10178.05
244286.9,10408.19
244317.2,10548.33
244347.5,10709.59
244377.8,10896.64
244408.1,11113.61
244438.4,11367.12
244468.7,11666.89
244499.0,12021.92
244529.3,12439.63
244559.7,12947.05
244590.0,13568.88
244620.3,14335.48
244650.6,15291.93
244681.0,16505.92
244696.2,17235.3
244711.3,18059.18
244726.5,19005.81
244741.6,20083.57
244756.8,21331.96
244771.9,22764.41
244785.3,24224.79
244798.6,25880.07
244812.0,27788.2
244825.3,29957.68
244838.7,32461.92
244852.0,35304.31
244865.3,38537.55
244878.6,42188.24
244892.0,46310.4
244905.3,50838.02
244932.0,60830.04
244958.7,70517.59
244972.0,74402.41
244985.3,77144.75
245000.0,78486.11
245012.9,78065.29
245025.7,76235.33
245038.6,73190.77
245051.4,69297.76
245102.7,51206.51
245115.6,47104.01
245128.4,43398.92
245141.3,40034.17
245154.1,37050.2
245167.0,34379.6
245179.8,32034.32
245192.6,29960.0
245205.4,28125.04
245220.5,26227.97
245235.5,24589.86
245250.5,23160.81
245265.5,21909.62
245280.6,20803.07
245295.6,19833.69
245310.6,18975.08
245325.6,18211.66
245355.7,16916.35
245385.7,15874.08
245415.7,15021.21
245445.7,14315.46
245474.4,13754.51
245503.1,13273.29
245531.8,12856.74
245560.4,12496.27
245589.1,12182.06
245617.8,11906.25
245646.5,11662.21
245675.1,11446.94
245732.5,11080.47
245789.8,10783.78
245847.1,10538.54
245904.4,10333.77
245980.9,10107.42
246057.3,9920.291
246133.8,9762.747
246210.2,9628.096
246286.7,9510.99
246363.1,9408.149
246439.6,9316.653
246516.0,9234.73
246598.0,9155.454
246679.9,9083.85
246761.8,9019.032
246843.7,8960.734
246925.7,8909.283
247007.6,8866.001
247048.6,8847.576
247089.5,8833.278
247130.5,8820.639
247171.4,8813.378
247223.3,8812.569
247275.2,8823.748
247327.1,8851.397
247378.9,8902.12
247430.8,8986.553
247456.8,9046.584
247482.7,9121.078
247508.7,9214.073
247534.6,9327.501
247560.5,9472.395
247586.4,9655.322
247613.8,9901.845
247641.1,10219.08
247668.4,10632.74
247695.7,11178.7
247709.4,11518.24
247723.0,11909.78
247736.7,12369.98
247750.3,12905.15
247764.0,13538.28
247777.6,14278.29
247791.3,15163.89
247804.9,16220.35
247819.9,17642.34
247834.9,19402.13
247849.9,21592.61
247864.9,24333.38
247879.9,27771.68
247894.9,32076.31
247909.9,37415.22
247924.8,43850.82
247943.6,53422.26
247962.4,63649.31
247971.8,68420.77
247981.2,72543.91
247990.6,75692.53
248000.0,77603.5
248010.8,78092.47
248018.4,77348.89
248026.0,75792.44
248041.2,70776.56
248071.5,57475.36
248086.7,51004.99
248101.9,45272.31
248117.1,40376.43
248132.2,36295.79
248142.0,34017.91
248151.8,31995.95
248161.6,30201.16
248171.4,28606.69
248181.2,27186.54
248191.0,25916.02
248210.5,23755.37
248230.1,21984.72
248249.7,20529.08
248269.3,19319.51
248288.8,18308.77
248306.1,17541.33
248323.4,16873.33
248340.7,16288.07
248357.9,15775.02
248375.2,15317.5
248392.5,14910.14
248427.0,14224.52
248461.6,13659.5
248496.1,13190.91
248530.7,12796.66
248565.2,12462.97
248599.8,12175.89
248634.3,11928.06
248668.9,11711.06
248703.4,11520.78
248738.0,11352.31
248772.5,11206.34
248841.6,10949.28
248910.7,10739.71
248979.8,10566.54
249048.9,10421.99
249118.0,10300.58
249228.6,10145.93
249339.2,10030.04
249394.5,9986.456
249449.8,9951.941
249505.1,9926.275
249560.3,9910.719
249620.2,9907.631
249680.1,9921.197
249740.0,9951.773
249799.9,10010.77
249829.9,10052.89
249859.8,10105.25
249889.8,10170.23
249919.7,10249.98
249949.7,10348.37
249979.6,10468.96
250009.6,10618.27
250039.5,10802.82
250067.2,11013.07
250094.8,11269.82
250122.5,11595.63
250150.1,12007.1
250177.8,12537.33
250191.6,12858.63
250205.4,13227.51
250219.2,13653.29
250233.0,14147.6
250246.8,14725.18
250260.6,15404.68
250275.6,16285.92
250290.6,17352.5
250305.6,18660.57
250320.5,20280.86
250335.5,22343.56
250343.0,23582.02
250350.5,24990.07
250358.0,26597.68
250365.5,28441.08
250373.0,30564.14
250380.4,32984.69
250386.6,35306.34
250392.8,37940.45
250399.0,40935.54
250405.2,44346.35
250411.4,48233.15
250417.6,52659.88
250423.8,57690.61
250429.9,63286.0
250436.1,69671.22
250442.3,76772.38
250454.6,92764.48
250467.0,110266.6
250479.3,126238.3
250484.5,131658.9
250489.7,135865.3
250494.9,138620.4
250500.0,139758.3
250505.5,139181.8
250510.9,136845.3
250516.3,132920.0
250521.7,127661.7
250532.6,114285.6
250543.4,99535.66
250554.3,85187.45
250565.1,72634.23
250575.9,62103.93
250586.7,53512.87
250592.6,49543.51
250598.5,46020.18
250604.4,42892.32
250610.3,40112.73
250622.1,35431.64
250633.8,31718.57
250645.6,28693.29
250657.4,26227.62
250669.2,24196.34
250680.9,22515.01
250691.8,21184.31
250702.6,20048.71
250713.4,19064.62
250724.2,18207.1
250735.0,17455.61
250745.8,16793.4
250767.4,15684.78
250789.0,14799.02
250810.6,14079.66
250832.2,13487.0
250853.8,12993.35
250874.5,12595.48
250895.1,12254.36
250915.7,11956.69
250936.3,11696.62
250956.9,11468.2
250977.5,11266.17
251018.7,10925.64
251060.0,10649.73
251101.2,10423.02
251142.4,10233.09
251183.6,10072.64
251238.6,9892.113
251293.6,9739.86
251348.6,9609.929
251403.5,9497.286
251458.5,9397.839
251513.5,9309.118
251568.5,9229.087
251623.4,9156.316
251678.4,9089.386
251733.4,9027.579
251788.4,8970.387
251843.3,8917.77
251898.3,8869.816
251953.3,8826.958
252008.3,8792.048
252035.8,8778.398
252063.2,8768.125
252094.7,8761.547
252126.1,8762.334
252157.5,8773.122
252188.9,8797.73
252220.3,8841.041
252236.0,8872.318
252251.7,8912.411
252267.4,8963.06
252283.1,9026.562
252298.8,9106.034
252314.5,9205.58
252332.2,9348.678
252349.9,9534.818
252367.6,9779.059
252385.2,10101.09
252394.1,10303.4
252402.9,10536.0
252411.8,10810.57
252420.6,11129.2
252429.5,11510.38
252438.3,11959.99
252447.1,12500.12
252455.9,13154.03
252465.3,14013.06
252474.6,15075.35
252483.9,16418.16
252493.2,18138.79
252497.9,19194.18
252502.6,20404.28
252507.3,21797.73
252511.9,23372.62
252516.6,25239.0
252521.2,27366.07
252525.9,29905.77
252530.5,32817.43
252536.0,36958.13
252541.5,41949.87
252547.0,47933.2
252552.5,55025.13
252558.0,63281.4
252563.5,72646.87
252574.4,93428.82
252580.8,105654.5
252587.2,116405.1
252593.6,124355.6
252600.0,128436.3
252603.5,128816.6
252606.9,127920.1
252613.7,122678.0
252620.5,113769.2
252627.3,102650.5
252634.2,90611.34
252641.0,79164.58
252647.8,68845.29
252654.6,59957.1
252661.7,52221.59
252668.7,45985.21
252675.7,40909.04
252682.7,36773.13
252689.7,33385.52
252696.7,30589.8
252703.7,28262.76
252710.7,26308.5
252717.4,24718.17
252724.1,23349.84
252730.8,22163.37
252737.5,21127.32
252744.2,20216.96
252750.9,19412.64
252757.6,18698.45
252764.3,18061.31
252777.7,16976.5
252791.1,16091.13
252804.5,15357.96
252817.8,14747.63
252830.6,14248.37
252843.3,13821.64
252856.1,13446.66
252868.8,13119.19
252881.6,12827.16
252894.3,12569.7
252919.8,12131.54
252945.3,11775.17
252970.8,11480.3
252996.3,11232.69
253021.8,11022.03
253046.1,10848.75
253070.3,10698.16
253094.5,10566.52
253118.7,10448.31
253143.0,10341.74
253167.2,10246.02
253215.6,10080.83
253264.1,9942.594
253312.5,9825.384
253361.0,9724.105
253409.4,9635.87
253473.2,9536.392
253536.9,9448.744
253600.7,9372.479
253664.4,9305.043
253728.2,9244.089
253791.9,9188.747
253855.7,9138.254
253919.4,9092.049
254046.9,9008.81
254174.4,8936.611
254301.9,8870.057
254429.4,8809.441
254633.4,8722.143
254837.4,8642.456
255041.4,8567.936
255245.3,8497.097
255428.9,8435.459
255612.5,8374.896
255796.1,8314.721
255887.9,8284.62
255979.7,8254.345
256071.5,8223.975
256163.3,8193.279
256255.1,8162.374
256346.9,8131.121
256438.7,8099.634
256530.5,8067.811
256622.3,8035.84
256714.0,8004.006
256805.8,7972.701
256897.6,7942.834
256943.5,7928.772
256989.4,7915.602
257035.3,7903.927
257081.2,7894.176
257129.7,7886.774
257178.1,7883.578
257226.6,7886.342
257275.0,7897.683
257323.5,7921.662
257347.7,7940.221
257371.9,7964.363
257396.2,7995.366
257420.4,8034.169
257444.6,8084.577
257468.8,8149.099
257494.3,8236.447
257519.8,8349.801
257545.3,8497.868
257570.8,8693.038
257596.3,8953.409
257609.1,9116.694
257621.8,9305.849
257634.6,9529.03
257647.3,9789.198
257660.1,10100.1
257672.8,10469.92
257686.9,10971.23
257700.9,11589.75
257714.9,12366.25
257728.9,13354.13
257743.0,14640.68
257750.0,15421.77
257757.0,16321.21
257764.0,17361.87
257771.0,18571.86
257778.0,19986.11
257785.0,21648.68
257792.7,23831.74
257800.3,26441.89
257808.0,29669.85
257815.6,33582.12
257823.3,38468.04
257830.9,44413.24
257838.6,51801.73
257846.2,60631.32
257853.0,69889.64
257859.7,80168.95
257873.1,102681.8
257879.9,113685.0
257886.6,122976.6
257893.3,129740.7
257900.0,133207.6
257904.8,133439.8
257909.5,131852.8
257914.2,128609.6
257918.9,123946.6
257928.3,111602.7
257937.7,97402.62
257947.1,83478.15
257956.5,71086.0
257961.2,65631.1
257965.9,60684.45
257970.6,56227.8
257975.3,52229.77
257980.8,48082.1
257986.2,44506.7
257991.7,41308.15
257997.1,38545.75
258002.6,36064.86
258008.0,33910.95
258013.4,31998.02
258018.8,30293.44
258029.7,27378.05
258040.5,25040.25
258051.4,23106.02
258062.2,21516.7
258071.6,20344.27
258081.0,19331.18
258090.4,18449.11
258099.7,17682.66
258109.1,16997.42
258118.5,16388.45
258137.2,15363.06
258156.0,14528.76
258174.7,13846.74
258193.5,13275.4
258212.2,12796.08
258229.0,12425.99
258245.8,12102.67
258262.6,11818.34
258279.4,11567.31
258313.0,11145.16
258346.5,10801.26
258380.1,10516.77
258413.6,10279.54
258447.2,10077.86
258480.7,9905.406
258514.3,9755.499
258547.9,9624.401
258581.5,9508.776
258615.0,9406.387
258648.6,9315.663
258682.1,9233.755
258749.2,9090.09
258816.4,8969.813
258883.5,8867.642
258950.6,8779.377
259017.7,8702.112
259092.8,8626.049
259167.8,8558.873
259242.8,8499.764
259317.8,8444.804
259467.8,8349.268
259617.8,8267.899
259767.9,8196.299
259917.9,8132.03
260067.9,8073.43
260217.9,8019.447
260518.0,7921.935
260818.0,7833.768
261118.1,7751.975
261418.1,7674.805
262018.2,7530.028
262618.3,7393.138
263218.4,7260.655
263818.5,7129.994
265018.7,6870.645
266219.0,6609.37
267419.2,6342.012
269819.6,5786.695
272220.0,5193.988
274620.4,4557.8
277020.8,3881.159
278221.0,3530.8
279421.2,3169.925
280621.4,2805.922
281821.6,2438.555
283021.8,2073.072
284222.0,1715.948
285422.3,1378.129
286622.5,1066.354
287222.6,925.9925
287822.7,799.5345
288122.8,742.3613
288272.8,715.0967
288422.8,689.6797
288572.9,665.1449
288722.9,642.0956
288872.9,620.4364
289022.9,600.8408
289149.3,586.1193
289275.6,573.4591
289338.8,568.1264
289401.9,563.7188
289465.1,560.4251
289528.2,558.6012
289579.6,558.5595
289630.9,560.2621
289682.3,563.9783
289733.6,571.1089
289759.3,576.3019
289785.0,582.888
289810.7,591.1842
289836.3,601.5594
289862.0,614.6389
289887.6,631.0442
289913.3,651.8513
289938.9,677.9747
289960.7,706.042
289982.4,741.2587
290004.1,785.8803
290025.8,843.1361
290047.5,917.8419
290058.4,964.1109
290069.2,1017.289
290080.1,1079.91
290090.9,1152.734
290101.8,1239.604
290112.6,1342.315
290123.5,1467.555
290134.3,1619.443
290145.2,1809.598
290156.0,2046.781
290161.5,2191.661
290166.9,2353.55
290172.3,2538.597
290177.7,2751.391
290183.2,3002.667
290188.6,3290.891
290194.0,3630.115
290199.4,4033.408
290205.4,4578.428
290211.3,5246.294
290217.2,6093.182
290220.2,6614.286
290223.1,7191.214
290226.1,7879.276
290229.1,8679.807
290232.1,9617.611
290235.0,10683.52
290238.0,11987.72
290240.9,13485.69
290243.9,15333.37
290246.8,17465.87
290250.1,20388.63
290253.3,23818.67
290256.5,27928.99
290259.7,32803.63
290262.9,38505.37
290266.1,45060.32
290269.3,52441.34
290272.5,60552.36
290283.7,91393.18
290289.3,104816.7
290292.1,110044.1
290294.9,113942.9
290297.5,116206.7
290300.0,117057.9
290302.6,116529.4
290305.1,114686.8
290307.7,111467.3
290310.2,107248.9
290315.3,95952.02
290320.4,82451.31
290326.2,66547.31
290331.9,52147.93
290334.8,45666.98
290337.6,40041.57
290340.5,34886.3
290343.3,30540.53
290345.6,27408.74
290347.8,24755.12
290350.1,22307.69
290352.3,20248.85
290354.6,18359.24
290356.8,16773.93
290359.1,15319.82
290361.3,14098.34
290363.6,12974.64
290365.8,12026.58
290370.3,10404.85
290374.8,9117.53
290379.2,8100.785
290383.7,7248.149
290388.2,6540.793
290392.7,5946.426
290397.2,5441.326
290401.7,5007.806
290406.2,4632.476
290410.7,4305.032
290415.2,4017.429
290424.2,3537.5
290433.2,3155.11
290442.2,2845.106
290451.1,2592.602
290459.7,2388.178
290468.3,2214.387
290476.9,2065.121
290485.4,1937.211
290494.0,1824.215
290502.6,1725.042
290519.7,1560.724
290536.9,1429.312
290554.0,1323.57
290571.1,1236.648
290588.2,1164.395
290607.0,1098.244
290625.8,1042.601
290644.6,995.1513
290663.3,954.697
290682.1,919.609
290700.9,889.1312
290719.7,862.4839
290738.4,839.1658
290776.0,800.0154
290813.5,768.9858
290851.0,744.345
290888.5,723.8364
290947.3,698.6546
291006.1,679.8905
291064.9,665.8417
291123.6,655.3964
291182.4,647.7525
291241.1,642.4244
291358.6,637.2168
291450.1,637.0433
291541.5,639.6894
291724.3,651.8521
291907.1,672.6121
292089.9,699.5798
292455.6,772.7462
292821.2,871.4757
293082.4,962.19
293343.6,1062.738
293604.8,1177.341
293865.9,1312.284
294127.1,1458.076
294388.3,1626.256
294910.6,2012.954
295433.0,2492.995
295694.2,2763.404
295955.3,3066.315
296216.5,3386.651
296477.7,3742.707
297000.0,4534.896
297625.0,5665.687
298250.0,7010.837
298875.0,8595.493
299500.0,10444.15
300125.0,12579.47
300750.0,15020.42
301375.0,17779.83
302000.0,20861.62
302625.0,24257.77
303250.0,27946.52
304500.0,36019.95
305750.0,44554.54
307000.0,52816.59
308250.0,60042.64
309500.0,65661.98
310750.0,69434.68
312000.0,71444.24
313250.0,71985.13
315125.0,70784.88
317000.0,68378.22
318363.1,66183.39
319726.1,63928.29
320407.7,62785.67
321089.2,61682.48
322452.2,59500.59
323815.3,57441.11
325178.3,55516.62
326541.3,53725.15
327222.8,52883.66
327904.3,52062.01
328435.9,51443.5
328701.7,51138.82
328967.5,50836.76
329233.3,50538.15
329499.1,50242.91
329632.0,50097.19
329764.9,49953.67
329897.8,49814.01
329964.2,49746.17
330030.6,49680.56
330112.4,49604.47
330194.2,49535.88
330245.4,49498.78
330296.5,49468.24
330347.6,49446.81
330398.7,49438.03
330424.3,49439.38
330449.9,49446.93
330475.5,49461.65
330501.0,49484.89
330526.6,49518.98
330552.1,49566.47
330577.7,49631.5
330603.2,49718.61
330627.1,49826.66
330650.9,49967.44
330674.8,50151.8
330698.6,50393.14
330722.5,50718.92
330734.4,50922.21
330746.3,51159.87
330758.2,51439.03
330770.1,51768.76
330782.0,52160.69
330793.9,52629.84
330806.7,53243.15
330819.5,54000.72
330832.3,54946.46
330845.0,56132.39
330857.8,57668.81
330864.2,58605.58
330870.6,59683.1
330877.0,60928.46
330883.4,62374.84
330889.8,64063.06
330896.1,66009.97
330905.1,69401.55
330914.1,73709.61
330918.6,76290.5
330923.1,79206.84
330927.6,82499.44
330932.1,86209.14
330941.1,95023.55
330950.1,105830.9
330959.1,118492.1
330968.1,132319.8
330976.1,144497.4
330984.1,155176.9
330992.1,162913.9
331000.0,166526.9
331008.0,165580.7
331016.0,160268.8
331024.0,151558.5
331032.0,140799.0
331048.0,118255.3
331056.0,108210.2
331063.9,99605.35
331068.6,95126.57
331073.2,91185.01
331077.9,87578.37
331082.5,84424.63
331087.2,81548.55
331091.8,79035.95
331101.0,74774.36
331110.3,71305.35
331119.6,68486.75
331128.9,66170.89
331138.1,64266.44
331145.4,62975.08
331152.7,61844.03
331160.0,60848.12
331167.3,59966.74
331181.9,58482.64
331196.4,57295.48
331211.0,56317.33
331225.6,55506.43
331240.2,54826.45
331254.7,54253.87
331270.6,53718.32
331286.5,53258.72
331302.4,52860.83
331318.3,52514.05
331334.2,52209.65
331350.1,51940.53
331366.0,51701.01
331381.9,51486.53
331413.7,51118.51
331445.5,50814.39
331477.3,50560.45
331509.1,50341.56
331548.9,50106.76
331588.6,49907.22
331628.4,49733.97
331668.1,49582.12
331707.9,49446.65
331747.6,49325.01
331787.4,49214.3
331827.1,49114.62
331906.6,48932.75
331986.1,48773.27
332065.6,48630.43
332145.1,48500.22
332216.7,48391.46
332288.3,48289.12
332431.4,48100.14
332574.5,47924.57
332717.6,47760.85
332860.7,47605.53
333003.8,47456.5
333290.0,47175.01
333576.2,46906.11
333862.4,46648.2
334434.8,46157.34
335113.3,45608.74
335791.7,45086.68
336470.1,44586.19
337148.5,44103.92
337911.8,43580.34
338293.4,43325.52
338675.0,43075.44
338865.8,42951.94
339056.6,42830.97
339247.4,42710.87
339438.2,42593.77
339629.0,42479.93
339819.8,42370.62
340010.6,42267.97
340201.4,42175.78
340371.0,42107.42
340471.7,42076.0
340572.4,42054.59
340673.1,42046.33
340773.8,42056.23
340874.5,42092.27
340975.2,42167.31
341025.6,42225.18
341075.9,42296.88
341126.3,42393.55
341176.6,42518.14
341227.0,42679.08
341277.3,42886.61
341327.7,43156.72
341378.0,43509.89
341428.4,43979.08
341453.6,44271.14
341478.7,44609.37
341503.9,45003.99
341529.1,45463.6
341554.3,46013.43
341579.4,46668.82
341608.6,47599.46
341637.7,48760.07
341666.9,50236.54
341696.0,52129.26
341710.6,53285.06
341725.2,54612.53
341739.8,56144.14
341754.3,57906.56
341768.9,59972.12
341783.5,62386.57
341798.1,65216.55
341812.6,68523.42
341829.7,73217.63
341846.7,78948.62
341863.7,85977.21
341880.7,94549.46
341897.7,104869.9
341914.7,116972.5
341948.7,144526.1
341961.6,154534.6
341974.4,162967.4
341987.2,169003.7
342000.0,171927.8
342010.2,171794.7
342020.3,169551.9
342030.5,165387.4
342040.6,159744.5
342081.1,130315.6
342101.4,116032.4
342121.7,103753.7
342131.9,98405.9
342142.0,93628.41
342152.1,89331.32
342162.2,85473.99
342173.4,81659.01
342184.6,78275.71
342195.8,75271.53
342206.9,72621.54
342229.3,68104.12
342251.6,64490.14
342274.0,61540.77
342296.3,59133.65
342318.7,57135.25
342341.0,55460.32
342361.5,54140.16
342382.0,52997.35
342402.5,52002.53
342423.0,51131.11
342443.5,50363.21
342464.0,49682.77
342504.9,48536.84
342545.9,47608.5
342586.9,46846.04
342627.9,46210.63
342668.8,45675.61
342708.0,45241.02
342747.1,44861.64
342786.2,44527.45
342825.3,44230.71
342864.4,43968.2
342903.5,43732.97
342981.7,43328.07
343060.0,42991.42
343138.2,42707.18
343216.4,42461.9
343294.6,42247.76
343398.9,41999.24
343503.2,41781.87
343607.5,41588.39
343711.8,41413.24
343816.1,41252.5
343920.4,41103.2
344024.7,40963.09
344129.0,40830.44
344248.2,40686.02
344367.4,40547.74
344486.6,40414.7
344605.8,40286.67
344725.0,40164.43
344844.2,40050.07
344903.8,39997.25
344963.4,39948.87
345023.0,39906.32
345082.6,39871.8
345138.5,39849.57
345194.4,39841.1
345250.3,39852.05
345306.1,39890.19
345334.1,39921.48
345362.0,39965.98
345390.0,40025.83
345417.9,40103.64
345445.9,40204.32
345473.8,40332.8
345501.7,40496.7
345529.6,40705.72
345559.4,40993.48
345589.2,41369.12
345619.0,41863.14
345648.8,42518.37
345678.6,43390.54
345693.5,43937.14
345708.4,44581.71
345723.3,45344.22
345738.2,46249.18
345753.1,47328.84
345768.0,48625.02
345788.0,50802.2
345798.0,52127.6
345807.9,53631.56
345817.9,55378.81
345827.8,57374.96
345837.8,59709.44
345847.7,62393.14
345857.7,65548.98
345867.6,69192.34
345877.6,73486.41
345887.5,78440.88
345897.5,84254.57
345907.4,90901.62
345917.4,98583.15
345927.3,107154.8
345963.7,143779.7
345972.8,152413.5
345981.9,159807.7
345991.0,165415.9
346000.0,168781.9
346010.4,169681.7
346019.7,167797.5
346029.0,163664.0
346047.5,150684.1
346066.0,134912.2
346084.5,119593.1
346093.8,112613.6
346103.0,106296.4
346112.3,100518.2
346121.5,95384.62
346130.8,90745.83
346140.0,86653.87
346149.3,82968.17
346158.5,79718.0
346168.9,76459.73
346179.3,73585.07
346189.7,71041.4
346200.0,68803.8
346210.4,66790.22
346220.7,65006.8
346241.4,61949.72
346262.1,59455.38
346282.8,57394.61
346303.5,55672.24
346324.2,54218.01
346343.1,53081.25
346361.9,52099.16
346380.8,51230.11
346399.6,50462.85
346418.5,49776.71
346437.3,49167.35
346474.9,48127.51
346512.6,47273.32
346550.3,46562.77
346588.0,45963.55
346625.6,45453.37
346663.3,45012.45
346701.0,44633.46
346738.7,44295.72
346776.3,43997.45
346814.0,43729.04
346851.7,43489.73
346927.0,43077.02
347002.4,42734.19
347077.7,42444.53
347153.1,42194.94
347228.4,41977.87
347322.6,41745.61
347416.8,41539.06
347511.0,41359.59
347605.1,41200.35
347699.3,41055.89
347793.5,40924.1
347981.8,40693.96
348170.2,40495.5
348358.5,40323.62
348546.8,40165.48
348735.1,40021.87
349111.8,39769.99
349488.5,39547.39
349865.2,39348.35
350241.9,39165.43
350618.6,38994.15
350995.3,38832.65
351748.6,38535.78
352502.0,38266.56
353255.4,38013.14
354762.1,37547.5
355696.3,37283.18
356630.5,37041.48
358498.9,36580.43
360367.3,36163.83
362235.6,35784.81
364104.0,35438.31
365972.4,35125.04
369709.1,34562.0
373445.9,34082.78
377182.6,33672.95
380919.3,33321.39
384656.0,33019.44
388272.2,32769.57
391888.4,32549.04
399120.8,32187.3
406353.2,31923.6
413585.6,31727.61
420818.0,31588.83
424434.2,31533.68
428050.4,31495.26
431666.6,31451.03
435282.8,31418.74
438899.0,31393.12
442515.1,31373.07
447095.7,31354.29
449386.0,31346.71
451676.2,31340.03
453966.5,31334.18
456256.7,31329.67
457401.9,31328.38
457974.5,31328.0
458547.0,31328.26
459692.1,31330.18
460837.2,31335.76
461409.8,31341.14
461982.4,31349.04
462555.0,31360.4
463127.5,31376.71
463700.1,31400.14
464272.7,31435.5
464845.3,31487.5
465131.6,31523.02
465417.8,31567.29
465689.0,31620.33
465960.2,31687.17
466231.4,31771.98
466367.0,31821.08
466502.6,31880.79
466638.2,31944.47
466773.8,32022.32
466909.4,32108.21
467045.0,32209.33
467180.6,32322.96
467316.2,32459.13
467451.8,32619.33
467587.4,32809.46
467745.7,33080.55
467903.9,33416.46
468062.1,33836.94
468220.3,34380.4
468299.4,34705.49
468378.5,35086.92
468457.6,35516.57
468536.7,36013.06
468615.8,36604.72
468694.9,37278.79
468774.0,38073.71
468853.1,39004.8
468936.0,40190.77
469018.9,41625.29
469101.8,43375.27
469184.6,45522.68
469267.5,48172.61
469350.3,51453.22
469433.2,55514.36
469516.0,60483.46
469576.5,64748.73
469637.0,69549.88
469758.0,80170.16
469818.5,85406.57
469879.0,89995.99
469939.5,93361.25
470000.0,95030.79
470046.9,94996.4
470093.8,93835.64
470140.7,91705.58
470187.5,88814.76
470375.0,74225.72
470468.8,67392.2
470562.5,61594.72
470609.4,59086.73
470656.2,56835.95
470703.1,54801.66
470749.9,52978.25
470799.8,51243.41
470849.6,49697.45
470899.5,48310.22
470949.3,47071.55
471049.0,44963.46
471148.7,43247.63
471248.4,41843.11
471348.1,40677.45
471447.8,39719.83
471547.4,38889.96
471638.8,38251.82
471730.2,37689.47
471821.6,37192.01
471913.0,36764.97
472095.8,36043.73
472278.5,35475.91
472461.3,35011.4
472644.0,34633.15
472826.8,34318.44
473009.5,34052.07
473184.0,33839.32
473358.4,33653.51
473707.3,33346.98
473881.8,33222.56
474056.2,33111.96
474230.7,33010.53
474405.1,32922.71
474754.0,32769.16
475102.9,32644.72
475451.8,32539.85
475800.6,32450.89
476265.8,32353.73
476731.0,32273.26
477196.2,32205.64
477661.4,32148.19
478126.6,32098.92
478591.8,32056.3
479522.2,31986.53
479987.4,31958.07
480452.6,31933.95
481383.0,31889.85
482313.4,31853.79
483243.8,31823.87
484307.1,31795.7
485370.4,31772.29
486300.8,31755.27
487231.2,31740.94
488161.6,31729.25
489092.0,31720.36
490022.4,31714.68
490952.8,31712.89
491883.2,31716.06
492813.6,31725.85
493677.6,31745.13
494541.5,31776.66
494973.5,31794.92
495405.5,31821.02
496269.4,31893.66
497133.4,32001.48
497565.4,32074.76
497997.3,32168.25
498429.3,32283.87
498861.3,32426.94
499293.3,32604.23
499725.2,32825.4
500124.0,33098.23
500522.7,33422.95
500921.5,33854.79
501320.2,34400.67
501719.0,35130.3
502117.7,36076.02
502317.1,36680.15
502516.4,37381.88
502715.8,38189.92
502915.1,39126.95
503254.2,41193.81
503423.7,42434.55
503593.2,43952.32
503762.8,45645.8
503932.3,47637.82
504271.3,52669.32
504440.9,55867.75
504610.4,59453.88
504949.4,68240.84
505288.5,78414.52
505458.0,83618.29
505627.5,88393.24
505813.8,92584.12
506000.0,95158.8
506186.3,95814.26
506444.6,93568.29
506702.9,88851.47
507219.4,76626.46
507477.7,70832.34
507735.9,65785.2
507994.2,61474.61
508252.4,57851.0
508433.5,55682.32
508614.5,53772.92
508976.6,50599.89
509338.7,48080.48
509700.7,46099.24
509881.8,45245.33
510062.8,44492.54
510243.9,43784.06
510424.9,43173.74
510787.0,42080.01
511149.0,41167.19
511454.0,40514.53
511758.9,39945.3
512063.8,39445.6
512368.7,39004.48
512673.6,38613.03
512978.5,38264.44
513588.3,37670.95
514198.2,37186.75
514808.0,36786.75
515417.8,36452.25
516027.6,36169.59
516637.5,35928.48
517247.3,35721.24
517857.1,35541.79
518466.9,35385.46
519076.8,35248.46
519686.6,35127.97
520906.2,34926.84
522125.9,34767.3
523345.5,34639.52
524565.1,34536.32
525784.7,34452.56
527385.5,34367.02
528986.3,34300.78
532187.8,34213.58
538590.9,34150.27
551397.1,34221.86
556275.7,34271.55
573960.5,34348.99
574570.4,34339.13
575180.2,34327.14
575790.0,34312.69
576399.8,34295.49
577009.7,34275.14
577619.5,34251.23
578229.3,34223.28
578839.1,34190.85
579144.0,34172.82
579487.1,34150.99
579830.1,34127.54
580173.1,34102.52
580516.1,34076.11
580859.2,34048.6
581202.2,34020.55
581545.2,33992.95
581888.2,33967.54
582136.0,33952.48
582383.7,33942.34
582507.6,33938.44
582631.5,33937.72
582879.2,33945.89
583127.0,33971.25
583250.9,33993.61
583374.7,34025.26
583498.6,34068.19
583622.4,34124.63
583746.3,34198.09
583870.1,34294.15
584003.5,34432.6
584136.9,34618.83
584270.3,34869.0
584337.0,35014.34
584403.7,35191.58
584537.1,35642.74
584603.8,35928.03
584670.5,36263.56
584737.2,36659.37
584803.9,37128.2
584870.6,37686.07
584937.2,38352.28
584989.5,38969.92
585041.8,39684.87
585094.1,40511.39
585146.3,41477.23
585198.6,42609.94
585250.9,43929.34
585303.2,45484.06
585355.4,47315.87
585407.7,49461.79
585460.0,51988.22
585512.3,54961.86
585564.5,58364.92
585616.8,62331.6
585669.0,66876.78
585773.5,77135.98
585830.2,82935.37
585886.8,88375.68
585943.4,92859.44
586000.0,95852.61
586056.7,97024.94
586102.9,96600.94
586149.0,95085.6
586241.3,89694.83
586333.6,82912.04
586425.8,76195.94
586472.0,73090.37
586518.1,70209.15
586564.3,67566.58
586610.4,65160.88
586656.6,62974.07
586702.7,61005.72
586748.8,59223.98
586794.9,57613.03
586846.2,56004.61
586897.4,54566.7
586923.1,53892.18
586935.9,53540.52
586948.7,53105.78
586955.1,52814.38
586961.5,52439.92
586967.9,51954.69
586974.3,51335.93
586980.7,50573.63
586987.1,49677.24
586999.9,47631.31
587000.1,42699.53
600000.0,43343.15
650000.0,45870.3
700000.0,48525.48
750000.0,51312.58
800000.0,54224.95
850000.0,57226.35
900000.0,60349.98
950000.0,63549.7
1000000.0,66849.06
1100000.0,73636.73
1200000.0,80556.21
1300000.0,87498.66
1400000.0,94373.97
1500000.0,101158.9
1585180.0,105300.2
1585181.0,105300.2
1585200.0,105300.7
1600000.0,105664.7
1650000.0,107031.6
1700000.0,108266.0
1750000.0,109722.3
1800000.0,112016.5
1900000.0,116069.1
2000000.0,119969.2
2250000.0,129737.9
2500000.0,138703.6
2728900.0,144567.2
2728920.0,144567.7
2728922.0,144567.8
2728923.0,144567.8
2762808.0,145338.4
2796693.0,146008.5
2864462.0,147365.3
3000000.0,150142.6
3131650.0,152850.7
3263300.0,155592.7
3263301.0,155592.7
3322476.0,156710.0
3381651.0,157677.4
3500000.0,159632.7
3513400.0,159825.7
3513402.0,159825.8
3680280.0,162079.2
3847160.0,163934.6
3896690.0,164238.4
3946220.0,164584.1
4000000.0,165112.1
4055070.0,165130.2
4099068.0,165090.9
4143065.0,165064.3
4231060.0,165048.5
4231100.0,165048.4
4256050.0,164956.3
4256560.0,164909.9
4256600.0,164909.8
4327330.0,164722.4
4398060.0,164619.0
4398100.0,164619.1
4448835.0,164388.5
4499570.0,164192.6
4499600.0,164190.0
4500000.0,164155.9
4500080.0,164149.1
4550958.0,163955.9
4601835.0,163816.8
4703590.0,163582.2
4907100.0,163172.9
5000000.0,163001.3
5250000.0,164722.5
5500000.0,166716.3
6000000.0,170189.6
6229450.0,172776.8
6500000.0,175902.6
7000000.0,181279.8
7500000.0,187376.9
8000000.0,193206.3
8500000.0,198743.3
9000000.0,204124.4
9500000.0,210230.7
1.0E7,216229.9
1.01471E7,217770.8
1.05E7,221394.6
1.0937E7,225983.4
1.1E7,226633.1
1.11691E7,226376.8
1.116911E7,226376.6
1.15E7,228358.0
1.2E7,238206.7
1.24166E7,241506.3
1.241661E7,241506.4
1.25E7,242221.1
1.3E7,247125.5
1.35E7,251051.6
1.4E7,255572.1
1.40963E7,256521.0
1.409636E7,256521.6
1.43558E7,259135.7
1.45E7,260624.9
1.5E7,266144.8
1.55E7,270384.3
1.6E7,274927.6
1.65E7,278882.4
1.7E7,283092.1
1.75E7,286411.2
1.8E7,289942.9
1.85E7,293167.0
1.9E7,296615.8
1.9477E7,299675.7
1.95E7,299822.8
2.0E7,303227.7
